<annotation>
  <folder>positive_images</folder>
  <filename>10.29971663-decorative-graffiti-art-spray-paint-letters-and-characters-composition-abstract-wall-artwork-drawing.jpg</filename>
  <path>/Users/uma/Documents/cmpe_257_assignment/data_training_assignment/positive_images/10.29971663-decorative-graffiti-art-spray-paint-letters-and-characters-composition-abstract-wall-artwork-drawing.jpg</path>
  <source>
    <database>Unknown</database>
  </source>
  <size>
    <width>1300</width>
    <height>975</height>
    <depth>3</depth>
  </size>
  <segmented>0</segmented>
  <object>
    <name>text</name>
    <pose>Unspecified</pose>
    <truncated>0</truncated>
    <difficult>0</difficult>
    <bndbox>
      <xmin>173</xmin>
      <ymin>203</ymin>
      <xmax>1177</xmax>
      <ymax>690</ymax>
    </bndbox>
  </object>
  <object>
    <name>GR</name>
    <pose>Unspecified</pose>
    <truncated>0</truncated>
    <difficult>0</difficult>
    <bndbox>
      <xmin>175</xmin>
      <ymin>242</ymin>
      <xmax>508</xmax>
      <ymax>698</ymax>
    </bndbox>
  </object>
  <object>
    <name>a</name>
    <pose>Unspecified</pose>
    <truncated>0</truncated>
    <difficult>0</difficult>
    <bndbox>
      <xmin>480</xmin>
      <ymin>449</ymin>
      <xmax>610</xmax>
      <ymax>596</ymax>
    </bndbox>
  </object>
  <object>
    <name>f</name>
    <pose>Unspecified</pose>
    <truncated>0</truncated>
    <difficult>0</difficult>
    <bndbox>
      <xmin>583</xmin>
      <ymin>212</ymin>
      <xmax>700</xmax>
      <ymax>641</ymax>
    </bndbox>
  </object>
  <object>
    <name>f</name>
    <pose>Unspecified</pose>
    <truncated>0</truncated>
    <difficult>0</difficult>
    <bndbox>
      <xmin>675</xmin>
      <ymin>255</ymin>
      <xmax>764</xmax>
      <ymax>687</ymax>
    </bndbox>
  </object>
  <object>
    <name>i</name>
    <pose>Unspecified</pose>
    <truncated>0</truncated>
    <difficult>0</difficult>
    <bndbox>
      <xmin>735</xmin>
      <ymin>385</ymin>
      <xmax>838</xmax>
      <ymax>601</ymax>
    </bndbox>
  </object>
  <object>
    <name>t</name>
    <pose>Unspecified</pose>
    <truncated>0</truncated>
    <difficult>0</difficult>
    <bndbox>
      <xmin>824</xmin>
      <ymin>360</ymin>
      <xmax>919</xmax>
      <ymax>614</ymax>
    </bndbox>
  </object>
  <object>
    <name>i</name>
    <pose>Unspecified</pose>
    <truncated>0</truncated>
    <difficult>0</difficult>
    <bndbox>
      <xmin>875</xmin>
      <ymin>360</ymin>
      <xmax>969</xmax>
      <ymax>604</ymax>
    </bndbox>
  </object>
</annotation>
