<annotation>
  <folder>positive_images</folder>
  <filename>10.3980630374_bb3efbf201_o__1_.jpg</filename>
  <path>/Users/uma/Documents/cmpe_257_assignment/data_training_assignment/positive_images/10.3980630374_bb3efbf201_o__1_.jpg</path>
  <source>
    <database>Unknown</database>
  </source>
  <size>
    <width>2400</width>
    <height>1596</height>
    <depth>3</depth>
  </size>
  <segmented>0</segmented>
  <object>
    <name>text</name>
    <pose>Unspecified</pose>
    <truncated>0</truncated>
    <difficult>0</difficult>
    <bndbox>
      <xmin>347</xmin>
      <ymin>56</ymin>
      <xmax>2285</xmax>
      <ymax>1373</ymax>
    </bndbox>
  </object>
  <object>
    <name>A</name>
    <pose>Unspecified</pose>
    <truncated>0</truncated>
    <difficult>0</difficult>
    <bndbox>
      <xmin>411</xmin>
      <ymin>683</ymin>
      <xmax>726</xmax>
      <ymax>1374</ymax>
    </bndbox>
  </object>
  <object>
    <name>L</name>
    <pose>Unspecified</pose>
    <truncated>0</truncated>
    <difficult>0</difficult>
    <bndbox>
      <xmin>688</xmin>
      <ymin>588</ymin>
      <xmax>959</xmax>
      <ymax>1124</ymax>
    </bndbox>
  </object>
  <object>
    <name>M</name>
    <pose>Unspecified</pose>
    <truncated>0</truncated>
    <difficult>0</difficult>
    <bndbox>
      <xmin>900</xmin>
      <ymin>380</ymin>
      <xmax>1323</xmax>
      <ymax>977</ymax>
    </bndbox>
  </object>
  <object>
    <name>O</name>
    <pose>Unspecified</pose>
    <truncated>0</truncated>
    <difficult>0</difficult>
    <bndbox>
      <xmin>1256</xmin>
      <ymin>203</ymin>
      <xmax>1541</xmax>
      <ymax>830</ymax>
    </bndbox>
  </object>
  <object>
    <name>S</name>
    <pose>Unspecified</pose>
    <truncated>0</truncated>
    <difficult>0</difficult>
    <bndbox>
      <xmin>1441</xmin>
      <ymin>106</ymin>
      <xmax>1809</xmax>
      <ymax>733</ymax>
    </bndbox>
  </object>
  <object>
    <name>T</name>
    <pose>Unspecified</pose>
    <truncated>0</truncated>
    <difficult>0</difficult>
    <bndbox>
      <xmin>1661</xmin>
      <ymin>68</ymin>
      <xmax>2006</xmax>
      <ymax>653</ymax>
    </bndbox>
  </object>
</annotation>
