<annotation>
  <folder>positive_images</folder>
  <filename>10.graffiti-wall_hero-image_1880x1028.jpg</filename>
  <path>/Users/uma/Documents/cmpe_257_assignment/data_training_assignment/positive_images/10.graffiti-wall_hero-image_1880x1028.jpg</path>
  <source>
    <database>Unknown</database>
  </source>
  <size>
    <width>1880</width>
    <height>1028</height>
    <depth>3</depth>
  </size>
  <segmented>0</segmented>
  <object>
    <name>text</name>
    <pose>Unspecified</pose>
    <truncated>0</truncated>
    <difficult>0</difficult>
    <bndbox>
      <xmin>430</xmin>
      <ymin>297</ymin>
      <xmax>1798</xmax>
      <ymax>925</ymax>
    </bndbox>
  </object>
  <object>
    <name>S</name>
    <pose>Unspecified</pose>
    <truncated>0</truncated>
    <difficult>0</difficult>
    <bndbox>
      <xmin>430</xmin>
      <ymin>295</ymin>
      <xmax>751</xmax>
      <ymax>902</ymax>
    </bndbox>
  </object>
  <object>
    <name>P</name>
    <pose>Unspecified</pose>
    <truncated>0</truncated>
    <difficult>0</difficult>
    <bndbox>
      <xmin>760</xmin>
      <ymin>323</ymin>
      <xmax>930</xmax>
      <ymax>755</ymax>
    </bndbox>
  </object>
  <object>
    <name>A</name>
    <pose>Unspecified</pose>
    <truncated>0</truncated>
    <difficult>0</difficult>
    <bndbox>
      <xmin>891</xmin>
      <ymin>379</ymin>
      <xmax>1144</xmax>
      <ymax>839</ymax>
    </bndbox>
  </object>
  <object>
    <name>R</name>
    <pose>Unspecified</pose>
    <truncated>0</truncated>
    <difficult>0</difficult>
    <bndbox>
      <xmin>1098</xmin>
      <ymin>297</ymin>
      <xmax>1446</xmax>
      <ymax>839</ymax>
    </bndbox>
  </object>
  <object>
    <name>K</name>
    <pose>Unspecified</pose>
    <truncated>0</truncated>
    <difficult>0</difficult>
    <bndbox>
      <xmin>1398</xmin>
      <ymin>307</ymin>
      <xmax>1765</xmax>
      <ymax>823</ymax>
    </bndbox>
  </object>
</annotation>
