<annotation>
  <folder>positive_images</folder>
  <filename>11.05_TrustYourStruggle_Complete_01_32fab444-819b-4162-bdf0-708e1a76faec.jpg</filename>
  <path>/Users/uma/Documents/cmpe_257_assignment/data_training_assignment/positive_images/11.05_TrustYourStruggle_Complete_01_32fab444-819b-4162-bdf0-708e1a76faec.jpg</path>
  <source>
    <database>Unknown</database>
  </source>
  <size>
    <width>920</width>
    <height>445</height>
    <depth>3</depth>
  </size>
  <segmented>0</segmented>
  <object>
    <name>text</name>
    <pose>Unspecified</pose>
    <truncated>0</truncated>
    <difficult>0</difficult>
    <bndbox>
      <xmin>452</xmin>
      <ymin>169</ymin>
      <xmax>861</xmax>
      <ymax>403</ymax>
    </bndbox>
  </object>
  <object>
    <name>O</name>
    <pose>Unspecified</pose>
    <truncated>0</truncated>
    <difficult>0</difficult>
    <bndbox>
      <xmin>480</xmin>
      <ymin>228</ymin>
      <xmax>548</xmax>
      <ymax>398</ymax>
    </bndbox>
  </object>
  <object>
    <name>a</name>
    <pose>Unspecified</pose>
    <truncated>0</truncated>
    <difficult>0</difficult>
    <bndbox>
      <xmin>549</xmin>
      <ymin>267</ymin>
      <xmax>594</xmax>
      <ymax>356</ymax>
    </bndbox>
  </object>
  <object>
    <name>k</name>
    <pose>Unspecified</pose>
    <truncated>0</truncated>
    <difficult>0</difficult>
    <bndbox>
      <xmin>591</xmin>
      <ymin>223</ymin>
      <xmax>631</xmax>
      <ymax>331</ymax>
    </bndbox>
  </object>
  <object>
    <name>l</name>
    <pose>Unspecified</pose>
    <truncated>0</truncated>
    <difficult>0</difficult>
    <bndbox>
      <xmin>624</xmin>
      <ymin>202</ymin>
      <xmax>653</xmax>
      <ymax>311</ymax>
    </bndbox>
  </object>
  <object>
    <name>a</name>
    <pose>Unspecified</pose>
    <truncated>0</truncated>
    <difficult>0</difficult>
    <bndbox>
      <xmin>646</xmin>
      <ymin>225</ymin>
      <xmax>680</xmax>
      <ymax>295</ymax>
    </bndbox>
  </object>
  <object>
    <name>n</name>
    <pose>Unspecified</pose>
    <truncated>0</truncated>
    <difficult>0</difficult>
    <bndbox>
      <xmin>675</xmin>
      <ymin>200</ymin>
      <xmax>710</xmax>
      <ymax>275</ymax>
    </bndbox>
  </object>
  <object>
    <name>d</name>
    <pose>Unspecified</pose>
    <truncated>0</truncated>
    <difficult>0</difficult>
    <bndbox>
      <xmin>698</xmin>
      <ymin>174</ymin>
      <xmax>747</xmax>
      <ymax>255</ymax>
    </bndbox>
  </object>
  <object>
    <name>D</name>
    <pose>Unspecified</pose>
    <truncated>0</truncated>
    <difficult>0</difficult>
    <bndbox>
      <xmin>722</xmin>
      <ymin>256</ymin>
      <xmax>759</xmax>
      <ymax>354</ymax>
    </bndbox>
  </object>
  <object>
    <name>r</name>
    <pose>Unspecified</pose>
    <truncated>0</truncated>
    <difficult>0</difficult>
    <bndbox>
      <xmin>757</xmin>
      <ymin>268</ymin>
      <xmax>774</xmax>
      <ymax>321</ymax>
    </bndbox>
  </object>
  <object>
    <name>e</name>
    <pose>Unspecified</pose>
    <truncated>0</truncated>
    <difficult>0</difficult>
    <bndbox>
      <xmin>769</xmin>
      <ymin>257</ymin>
      <xmax>787</xmax>
      <ymax>310</ymax>
    </bndbox>
  </object>
  <object>
    <name>a</name>
    <pose>Unspecified</pose>
    <truncated>0</truncated>
    <difficult>0</difficult>
    <bndbox>
      <xmin>780</xmin>
      <ymin>243</ymin>
      <xmax>804</xmax>
      <ymax>294</ymax>
    </bndbox>
  </object>
  <object>
    <name>m</name>
    <pose>Unspecified</pose>
    <truncated>0</truncated>
    <difficult>0</difficult>
    <bndbox>
      <xmin>794</xmin>
      <ymin>230</ymin>
      <xmax>821</xmax>
      <ymax>281</ymax>
    </bndbox>
  </object>
</annotation>
