<annotation>
  <folder>positive_images</folder>
  <filename>13.Inspiration_Graffiti.jpg</filename>
  <path>/Users/uma/Documents/cmpe_257_assignment/data_training_assignment/positive_images/13.Inspiration_Graffiti.jpg</path>
  <source>
    <database>Unknown</database>
  </source>
  <size>
    <width>3717</width>
    <height>2523</height>
    <depth>3</depth>
  </size>
  <segmented>0</segmented>
  <object>
    <name>text</name>
    <pose>Unspecified</pose>
    <truncated>0</truncated>
    <difficult>0</difficult>
    <bndbox>
      <xmin>376</xmin>
      <ymin>243</ymin>
      <xmax>2263</xmax>
      <ymax>816</ymax>
    </bndbox>
  </object>
  <object>
    <name>text</name>
    <pose>Unspecified</pose>
    <truncated>0</truncated>
    <difficult>0</difficult>
    <bndbox>
      <xmin>1986</xmin>
      <ymin>1234</ymin>
      <xmax>3449</xmax>
      <ymax>1739</ymax>
    </bndbox>
  </object>
  <object>
    <name>I</name>
    <pose>Unspecified</pose>
    <truncated>0</truncated>
    <difficult>0</difficult>
    <bndbox>
      <xmin>1999</xmin>
      <ymin>1261</ymin>
      <xmax>2231</xmax>
      <ymax>1698</ymax>
    </bndbox>
  </object>
  <object>
    <name>N</name>
    <pose>Unspecified</pose>
    <truncated>0</truncated>
    <difficult>0</difficult>
    <bndbox>
      <xmin>2204</xmin>
      <ymin>1221</ymin>
      <xmax>2454</xmax>
      <ymax>1748</ymax>
    </bndbox>
  </object>
  <object>
    <name>S</name>
    <pose>Unspecified</pose>
    <truncated>0</truncated>
    <difficult>0</difficult>
    <bndbox>
      <xmin>2413</xmin>
      <ymin>1234</ymin>
      <xmax>2645</xmax>
      <ymax>1711</ymax>
    </bndbox>
  </object>
  <object>
    <name>P</name>
    <pose>Unspecified</pose>
    <truncated>0</truncated>
    <difficult>0</difficult>
    <bndbox>
      <xmin>2613</xmin>
      <ymin>1257</ymin>
      <xmax>2795</xmax>
      <ymax>1707</ymax>
    </bndbox>
  </object>
  <object>
    <name>I</name>
    <pose>Unspecified</pose>
    <truncated>0</truncated>
    <difficult>0</difficult>
    <bndbox>
      <xmin>2763</xmin>
      <ymin>1243</ymin>
      <xmax>3013</xmax>
      <ymax>1730</ymax>
    </bndbox>
  </object>
  <object>
    <name>R</name>
    <pose>Unspecified</pose>
    <truncated>0</truncated>
    <difficult>0</difficult>
    <bndbox>
      <xmin>2976</xmin>
      <ymin>1257</ymin>
      <xmax>3245</xmax>
      <ymax>1734</ymax>
    </bndbox>
  </object>
  <object>
    <name>E</name>
    <pose>Unspecified</pose>
    <truncated>0</truncated>
    <difficult>0</difficult>
    <bndbox>
      <xmin>3249</xmin>
      <ymin>1271</ymin>
      <xmax>3463</xmax>
      <ymax>1748</ymax>
    </bndbox>
  </object>
  <object>
    <name>D</name>
    <pose>Unspecified</pose>
    <truncated>0</truncated>
    <difficult>0</difficult>
    <bndbox>
      <xmin>436</xmin>
      <ymin>393</ymin>
      <xmax>831</xmax>
      <ymax>789</ymax>
    </bndbox>
  </object>
  <object>
    <name>R</name>
    <pose>Unspecified</pose>
    <truncated>0</truncated>
    <difficult>0</difficult>
    <bndbox>
      <xmin>772</xmin>
      <ymin>393</ymin>
      <xmax>1145</xmax>
      <ymax>752</ymax>
    </bndbox>
  </object>
  <object>
    <name>E</name>
    <pose>Unspecified</pose>
    <truncated>0</truncated>
    <difficult>0</difficult>
    <bndbox>
      <xmin>1108</xmin>
      <ymin>325</ymin>
      <xmax>1417</xmax>
      <ymax>711</ymax>
    </bndbox>
  </object>
  <object>
    <name>A</name>
    <pose>Unspecified</pose>
    <truncated>0</truncated>
    <difficult>0</difficult>
    <bndbox>
      <xmin>1431</xmin>
      <ymin>275</ymin>
      <xmax>1749</xmax>
      <ymax>661</ymax>
    </bndbox>
  </object>
  <object>
    <name>M</name>
    <pose>Unspecified</pose>
    <truncated>0</truncated>
    <difficult>0</difficult>
    <bndbox>
      <xmin>1736</xmin>
      <ymin>239</ymin>
      <xmax>2167</xmax>
      <ymax>625</ymax>
    </bndbox>
  </object>
</annotation>
