<annotation>
  <folder>positive_images</folder>
  <filename>15.06122013-graffiti-peace-berlin-wall-mural-berlin-germany-DNPGNG.jpg</filename>
  <path>/Users/uma/Documents/cmpe_257_assignment/data_training_assignment/positive_images/15.06122013-graffiti-peace-berlin-wall-mural-berlin-germany-DNPGNG.jpg</path>
  <source>
    <database>Unknown</database>
  </source>
  <size>
    <width>1300</width>
    <height>944</height>
    <depth>3</depth>
  </size>
  <segmented>0</segmented>
  <object>
    <name>text</name>
    <pose>Unspecified</pose>
    <truncated>0</truncated>
    <difficult>0</difficult>
    <bndbox>
      <xmin>8</xmin>
      <ymin>124</ymin>
      <xmax>1215</xmax>
      <ymax>578</ymax>
    </bndbox>
  </object>
  <object>
    <name>P</name>
    <pose>Unspecified</pose>
    <truncated>0</truncated>
    <difficult>0</difficult>
    <bndbox>
      <xmin>16</xmin>
      <ymin>127</ymin>
      <xmax>253</xmax>
      <ymax>565</ymax>
    </bndbox>
  </object>
  <object>
    <name>E</name>
    <pose>Unspecified</pose>
    <truncated>0</truncated>
    <difficult>0</difficult>
    <bndbox>
      <xmin>229</xmin>
      <ymin>105</ymin>
      <xmax>457</xmax>
      <ymax>538</ymax>
    </bndbox>
  </object>
  <object>
    <name>A</name>
    <pose>Unspecified</pose>
    <truncated>0</truncated>
    <difficult>0</difficult>
    <bndbox>
      <xmin>445</xmin>
      <ymin>129</ymin>
      <xmax>651</xmax>
      <ymax>511</ymax>
    </bndbox>
  </object>
  <object>
    <name>C</name>
    <pose>Unspecified</pose>
    <truncated>0</truncated>
    <difficult>0</difficult>
    <bndbox>
      <xmin>626</xmin>
      <ymin>126</ymin>
      <xmax>886</xmax>
      <ymax>532</ymax>
    </bndbox>
  </object>
  <object>
    <name>E</name>
    <pose>Unspecified</pose>
    <truncated>0</truncated>
    <difficult>0</difficult>
    <bndbox>
      <xmin>869</xmin>
      <ymin>123</ymin>
      <xmax>1123</xmax>
      <ymax>507</ymax>
    </bndbox>
  </object>
</annotation>
