<annotation>
  <folder>positive_images</folder>
  <filename>15.music-graffiti-text-wallpaper-wall-decor.jpg</filename>
  <path>/Users/uma/Documents/cmpe_257_assignment/data_training_assignment/positive_images/15.music-graffiti-text-wallpaper-wall-decor.jpg</path>
  <source>
    <database>Unknown</database>
  </source>
  <size>
    <width>1425</width>
    <height>920</height>
    <depth>3</depth>
  </size>
  <segmented>0</segmented>
  <object>
    <name>text</name>
    <pose>Unspecified</pose>
    <truncated>0</truncated>
    <difficult>0</difficult>
    <bndbox>
      <xmin>119</xmin>
      <ymin>191</ymin>
      <xmax>1352</xmax>
      <ymax>765</ymax>
    </bndbox>
  </object>
  <object>
    <name>M</name>
    <pose>Unspecified</pose>
    <truncated>0</truncated>
    <difficult>0</difficult>
    <bndbox>
      <xmin>133</xmin>
      <ymin>195</ymin>
      <xmax>566</xmax>
      <ymax>744</ymax>
    </bndbox>
  </object>
  <object>
    <name>U</name>
    <pose>Unspecified</pose>
    <truncated>0</truncated>
    <difficult>0</difficult>
    <bndbox>
      <xmin>480</xmin>
      <ymin>297</ymin>
      <xmax>699</xmax>
      <ymax>749</ymax>
    </bndbox>
  </object>
  <object>
    <name>S</name>
    <pose>Unspecified</pose>
    <truncated>0</truncated>
    <difficult>0</difficult>
    <bndbox>
      <xmin>689</xmin>
      <ymin>207</ymin>
      <xmax>943</xmax>
      <ymax>720</ymax>
    </bndbox>
  </object>
  <object>
    <name>I</name>
    <pose>Unspecified</pose>
    <truncated>0</truncated>
    <difficult>0</difficult>
    <bndbox>
      <xmin>913</xmin>
      <ymin>228</ymin>
      <xmax>1075</xmax>
      <ymax>723</ymax>
    </bndbox>
  </object>
  <object>
    <name>C</name>
    <pose>Unspecified</pose>
    <truncated>0</truncated>
    <difficult>0</difficult>
    <bndbox>
      <xmin>1041</xmin>
      <ymin>225</ymin>
      <xmax>1331</xmax>
      <ymax>716</ymax>
    </bndbox>
  </object>
</annotation>
