<annotation>
  <folder>positive_images</folder>
  <filename>15.r6i3tjraahy21.jpg</filename>
  <path>/Users/uma/Documents/cmpe_257_assignment/data_training_assignment/positive_images/15.r6i3tjraahy21.jpg</path>
  <source>
    <database>Unknown</database>
  </source>
  <size>
    <width>3264</width>
    <height>2448</height>
    <depth>3</depth>
  </size>
  <segmented>0</segmented>
  <object>
    <name>text</name>
    <pose>Unspecified</pose>
    <truncated>0</truncated>
    <difficult>0</difficult>
    <bndbox>
      <xmin>288</xmin>
      <ymin>888</ymin>
      <xmax>1204</xmax>
      <ymax>1464</ymax>
    </bndbox>
  </object>
  <object>
    <name>C</name>
    <pose>Unspecified</pose>
    <truncated>0</truncated>
    <difficult>0</difficult>
    <bndbox>
      <xmin>328</xmin>
      <ymin>924</ymin>
      <xmax>620</xmax>
      <ymax>1452</ymax>
    </bndbox>
  </object>
  <object>
    <name>O</name>
    <pose>Unspecified</pose>
    <truncated>0</truncated>
    <difficult>0</difficult>
    <bndbox>
      <xmin>592</xmin>
      <ymin>1000</ymin>
      <xmax>788</xmax>
      <ymax>1400</ymax>
    </bndbox>
  </object>
  <object>
    <name>K</name>
    <pose>Unspecified</pose>
    <truncated>0</truncated>
    <difficult>0</difficult>
    <bndbox>
      <xmin>728</xmin>
      <ymin>984</ymin>
      <xmax>988</xmax>
      <ymax>1404</ymax>
    </bndbox>
  </object>
  <object>
    <name>e</name>
    <pose>Unspecified</pose>
    <truncated>0</truncated>
    <difficult>0</difficult>
    <bndbox>
      <xmin>932</xmin>
      <ymin>1004</ymin>
      <xmax>1176</xmax>
      <ymax>1404</ymax>
    </bndbox>
  </object>
  <object>
    <name>text</name>
    <pose>Unspecified</pose>
    <truncated>0</truncated>
    <difficult>0</difficult>
    <bndbox>
      <xmin>1576</xmin>
      <ymin>424</ymin>
      <xmax>3152</xmax>
      <ymax>1772</ymax>
    </bndbox>
  </object>
  <object>
    <name>B</name>
    <pose>Unspecified</pose>
    <truncated>0</truncated>
    <difficult>0</difficult>
    <bndbox>
      <xmin>1604</xmin>
      <ymin>460</ymin>
      <xmax>2204</xmax>
      <ymax>1512</ymax>
    </bndbox>
  </object>
  <object>
    <name>o</name>
    <pose>Unspecified</pose>
    <truncated>0</truncated>
    <difficult>0</difficult>
    <bndbox>
      <xmin>2100</xmin>
      <ymin>952</ymin>
      <xmax>2468</xmax>
      <ymax>1420</ymax>
    </bndbox>
  </object>
  <object>
    <name>K</name>
    <pose>Unspecified</pose>
    <truncated>0</truncated>
    <difficult>0</difficult>
    <bndbox>
      <xmin>2364</xmin>
      <ymin>508</ymin>
      <xmax>2812</xmax>
      <ymax>1668</ymax>
    </bndbox>
  </object>
  <object>
    <name>E</name>
    <pose>Unspecified</pose>
    <truncated>0</truncated>
    <difficult>0</difficult>
    <bndbox>
      <xmin>2744</xmin>
      <ymin>712</ymin>
      <xmax>3152</xmax>
      <ymax>1656</ymax>
    </bndbox>
  </object>
</annotation>
