<annotation>
  <folder>positive_images</folder>
  <filename>16.127838277-inscription-music-graffiti-decorative-lettering-vandal-street-art-free-wild-style-on-the-wall-city-u.jpg</filename>
  <path>/Users/uma/Documents/cmpe_257_assignment/data_training_assignment/positive_images/16.127838277-inscription-music-graffiti-decorative-lettering-vandal-street-art-free-wild-style-on-the-wall-city-u.jpg</path>
  <source>
    <database>Unknown</database>
  </source>
  <size>
    <width>1300</width>
    <height>708</height>
    <depth>3</depth>
  </size>
  <segmented>0</segmented>
  <object>
    <name>text</name>
    <pose>Unspecified</pose>
    <truncated>0</truncated>
    <difficult>0</difficult>
    <bndbox>
      <xmin>84</xmin>
      <ymin>93</ymin>
      <xmax>1200</xmax>
      <ymax>557</ymax>
    </bndbox>
  </object>
  <object>
    <name>M</name>
    <pose>Unspecified</pose>
    <truncated>0</truncated>
    <difficult>0</difficult>
    <bndbox>
      <xmin>100</xmin>
      <ymin>128</ymin>
      <xmax>465</xmax>
      <ymax>546</ymax>
    </bndbox>
  </object>
  <object>
    <name>U</name>
    <pose>Unspecified</pose>
    <truncated>0</truncated>
    <difficult>0</difficult>
    <bndbox>
      <xmin>434</xmin>
      <ymin>135</ymin>
      <xmax>653</xmax>
      <ymax>528</ymax>
    </bndbox>
  </object>
  <object>
    <name>S</name>
    <pose>Unspecified</pose>
    <truncated>0</truncated>
    <difficult>0</difficult>
    <bndbox>
      <xmin>605</xmin>
      <ymin>136</ymin>
      <xmax>835</xmax>
      <ymax>478</ymax>
    </bndbox>
  </object>
  <object>
    <name>i</name>
    <pose>Unspecified</pose>
    <truncated>0</truncated>
    <difficult>0</difficult>
    <bndbox>
      <xmin>773</xmin>
      <ymin>100</ymin>
      <xmax>938</xmax>
      <ymax>533</ymax>
    </bndbox>
  </object>
  <object>
    <name>C</name>
    <pose>Unspecified</pose>
    <truncated>0</truncated>
    <difficult>0</difficult>
    <bndbox>
      <xmin>916</xmin>
      <ymin>162</ymin>
      <xmax>1169</xmax>
      <ymax>536</ymax>
    </bndbox>
  </object>
</annotation>
