<annotation>
  <folder>positive_images</folder>
  <filename>17.il_fullxfull.721487799_dawr.jpg</filename>
  <path>/Users/uma/Documents/cmpe_257_assignment/data_training_assignment/positive_images/17.il_fullxfull.721487799_dawr.jpg</path>
  <source>
    <database>Unknown</database>
  </source>
  <size>
    <width>570</width>
    <height>570</height>
    <depth>3</depth>
  </size>
  <segmented>0</segmented>
  <object>
    <name>text</name>
    <pose>Unspecified</pose>
    <truncated>0</truncated>
    <difficult>0</difficult>
    <bndbox>
      <xmin>53</xmin>
      <ymin>144</ymin>
      <xmax>486</xmax>
      <ymax>348</ymax>
    </bndbox>
  </object>
  <object>
    <name>P</name>
    <pose>Unspecified</pose>
    <truncated>0</truncated>
    <difficult>0</difficult>
    <bndbox>
      <xmin>59</xmin>
      <ymin>154</ymin>
      <xmax>171</xmax>
      <ymax>342</ymax>
    </bndbox>
  </object>
  <object>
    <name>E</name>
    <pose>Unspecified</pose>
    <truncated>0</truncated>
    <difficult>0</difficult>
    <bndbox>
      <xmin>154</xmin>
      <ymin>149</ymin>
      <xmax>241</xmax>
      <ymax>333</ymax>
    </bndbox>
  </object>
  <object>
    <name>A</name>
    <pose>Unspecified</pose>
    <truncated>0</truncated>
    <difficult>0</difficult>
    <bndbox>
      <xmin>228</xmin>
      <ymin>148</ymin>
      <xmax>320</xmax>
      <ymax>335</ymax>
    </bndbox>
  </object>
  <object>
    <name>C</name>
    <pose>Unspecified</pose>
    <truncated>0</truncated>
    <difficult>0</difficult>
    <bndbox>
      <xmin>292</xmin>
      <ymin>151</ymin>
      <xmax>407</xmax>
      <ymax>316</ymax>
    </bndbox>
  </object>
  <object>
    <name>E</name>
    <pose>Unspecified</pose>
    <truncated>0</truncated>
    <difficult>0</difficult>
    <bndbox>
      <xmin>389</xmin>
      <ymin>174</ymin>
      <xmax>485</xmax>
      <ymax>341</ymax>
    </bndbox>
  </object>
</annotation>
