<annotation>
  <folder>positive_images</folder>
  <filename>19.f4b191b6751cba71cb78ae3186c9547e.jpg</filename>
  <path>/Users/uma/Documents/cmpe_257_assignment/data_training_assignment/positive_images/19.f4b191b6751cba71cb78ae3186c9547e.jpg</path>
  <source>
    <database>Unknown</database>
  </source>
  <size>
    <width>527</width>
    <height>325</height>
    <depth>3</depth>
  </size>
  <segmented>0</segmented>
  <object>
    <name>text</name>
    <pose>Unspecified</pose>
    <truncated>0</truncated>
    <difficult>0</difficult>
    <bndbox>
      <xmin>75</xmin>
      <ymin>43</ymin>
      <xmax>457</xmax>
      <ymax>264</ymax>
    </bndbox>
  </object>
  <object>
    <name>P</name>
    <pose>Unspecified</pose>
    <truncated>0</truncated>
    <difficult>0</difficult>
    <bndbox>
      <xmin>83</xmin>
      <ymin>67</ymin>
      <xmax>186</xmax>
      <ymax>254</ymax>
    </bndbox>
  </object>
  <object>
    <name>E</name>
    <pose>Unspecified</pose>
    <truncated>0</truncated>
    <difficult>0</difficult>
    <bndbox>
      <xmin>170</xmin>
      <ymin>69</ymin>
      <xmax>238</xmax>
      <ymax>188</ymax>
    </bndbox>
  </object>
  <object>
    <name>C</name>
    <pose>Unspecified</pose>
    <truncated>0</truncated>
    <difficult>0</difficult>
    <bndbox>
      <xmin>284</xmin>
      <ymin>73</ymin>
      <xmax>367</xmax>
      <ymax>177</ymax>
    </bndbox>
  </object>
  <object>
    <name>E</name>
    <pose>Unspecified</pose>
    <truncated>0</truncated>
    <difficult>0</difficult>
    <bndbox>
      <xmin>361</xmin>
      <ymin>77</ymin>
      <xmax>449</xmax>
      <ymax>246</ymax>
    </bndbox>
  </object>
  <object>
    <name>A</name>
    <pose>Unspecified</pose>
    <truncated>0</truncated>
    <difficult>0</difficult>
    <bndbox>
      <xmin>217</xmin>
      <ymin>66</ymin>
      <xmax>314</xmax>
      <ymax>236</ymax>
    </bndbox>
  </object>
</annotation>
