<annotation>
  <folder>positive_images</folder>
  <filename>19.Lambeth08628.jpg</filename>
  <path>/Users/uma/Documents/cmpe_257_assignment/data_training_assignment/positive_images/19.Lambeth08628.jpg</path>
  <source>
    <database>Unknown</database>
  </source>
  <size>
    <width>954</width>
    <height>1280</height>
    <depth>3</depth>
  </size>
  <segmented>0</segmented>
  <object>
    <name>text</name>
    <pose>Unspecified</pose>
    <truncated>0</truncated>
    <difficult>0</difficult>
    <bndbox>
      <xmin>297</xmin>
      <ymin>18</ymin>
      <xmax>748</xmax>
      <ymax>315</ymax>
    </bndbox>
  </object>
  <object>
    <name>V</name>
    <pose>Unspecified</pose>
    <truncated>0</truncated>
    <difficult>0</difficult>
    <bndbox>
      <xmin>281</xmin>
      <ymin>20</ymin>
      <xmax>430</xmax>
      <ymax>275</ymax>
    </bndbox>
  </object>
  <object>
    <name>O</name>
    <pose>Unspecified</pose>
    <truncated>0</truncated>
    <difficult>0</difficult>
    <bndbox>
      <xmin>401</xmin>
      <ymin>26</ymin>
      <xmax>493</xmax>
      <ymax>254</ymax>
    </bndbox>
  </object>
  <object>
    <name>P</name>
    <pose>Unspecified</pose>
    <truncated>0</truncated>
    <difficult>0</difficult>
    <bndbox>
      <xmin>471</xmin>
      <ymin>79</ymin>
      <xmax>548</xmax>
      <ymax>291</ymax>
    </bndbox>
  </object>
  <object>
    <name>S</name>
    <pose>Unspecified</pose>
    <truncated>0</truncated>
    <difficult>0</difficult>
    <bndbox>
      <xmin>534</xmin>
      <ymin>124</ymin>
      <xmax>591</xmax>
      <ymax>283</ymax>
    </bndbox>
  </object>
  <object>
    <name>t</name>
    <pose>Unspecified</pose>
    <truncated>0</truncated>
    <difficult>0</difficult>
    <bndbox>
      <xmin>571</xmin>
      <ymin>124</ymin>
      <xmax>618</xmax>
      <ymax>291</ymax>
    </bndbox>
  </object>
  <object>
    <name>a</name>
    <pose>Unspecified</pose>
    <truncated>0</truncated>
    <difficult>0</difficult>
    <bndbox>
      <xmin>599</xmin>
      <ymin>91</ymin>
      <xmax>665</xmax>
      <ymax>287</ymax>
    </bndbox>
  </object>
  <object>
    <name>R</name>
    <pose>Unspecified</pose>
    <truncated>0</truncated>
    <difficult>0</difficult>
    <bndbox>
      <xmin>644</xmin>
      <ymin>101</ymin>
      <xmax>695</xmax>
      <ymax>303</ymax>
    </bndbox>
  </object>
</annotation>
