<annotation>
  <folder>positive_images</folder>
  <filename>19.PVC-Material-and-Body-Stickers-Use-Sticker.jpg</filename>
  <path>/Users/uma/Documents/cmpe_257_assignment/data_training_assignment/positive_images/19.PVC-Material-and-Body-Stickers-Use-Sticker.jpg</path>
  <source>
    <database>Unknown</database>
  </source>
  <size>
    <width>350</width>
    <height>350</height>
    <depth>3</depth>
  </size>
  <segmented>0</segmented>
  <object>
    <name>text</name>
    <pose>Unspecified</pose>
    <truncated>0</truncated>
    <difficult>0</difficult>
    <bndbox>
      <xmin>133</xmin>
      <ymin>212</ymin>
      <xmax>228</xmax>
      <ymax>272</ymax>
    </bndbox>
  </object>
  <object>
    <name>T</name>
    <pose>Unspecified</pose>
    <truncated>0</truncated>
    <difficult>0</difficult>
    <bndbox>
      <xmin>136</xmin>
      <ymin>229</ymin>
      <xmax>161</xmax>
      <ymax>269</ymax>
    </bndbox>
  </object>
  <object>
    <name>a</name>
    <pose>Unspecified</pose>
    <truncated>0</truncated>
    <difficult>0</difficult>
    <bndbox>
      <xmin>155</xmin>
      <ymin>232</ymin>
      <xmax>176</xmax>
      <ymax>266</ymax>
    </bndbox>
  </object>
  <object>
    <name>b</name>
    <pose>Unspecified</pose>
    <truncated>0</truncated>
    <difficult>0</difficult>
    <bndbox>
      <xmin>167</xmin>
      <ymin>225</ymin>
      <xmax>191</xmax>
      <ymax>260</ymax>
    </bndbox>
  </object>
  <object>
    <name>b</name>
    <pose>Unspecified</pose>
    <truncated>0</truncated>
    <difficult>0</difficult>
    <bndbox>
      <xmin>180</xmin>
      <ymin>223</ymin>
      <xmax>203</xmax>
      <ymax>255</ymax>
    </bndbox>
  </object>
  <object>
    <name>y</name>
    <pose>Unspecified</pose>
    <truncated>0</truncated>
    <difficult>0</difficult>
    <bndbox>
      <xmin>194</xmin>
      <ymin>221</ymin>
      <xmax>219</xmax>
      <ymax>254</ymax>
    </bndbox>
  </object>
</annotation>
