<annotation>
  <folder>positive_images</folder>
  <filename>1at45ad_o.jpg</filename>
  <path>/Users/uma/Documents/cmpe_257_assignment/data_training_assignment/positive_images/1at45ad_o.jpg</path>
  <source>
    <database>Unknown</database>
  </source>
  <size>
    <width>700</width>
    <height>510</height>
    <depth>3</depth>
  </size>
  <segmented>0</segmented>
  <object>
    <name>text</name>
    <pose>Unspecified</pose>
    <truncated>0</truncated>
    <difficult>0</difficult>
    <bndbox>
      <xmin>105</xmin>
      <ymin>139</ymin>
      <xmax>607</xmax>
      <ymax>321</ymax>
    </bndbox>
  </object>
  <object>
    <name>w</name>
    <pose>Unspecified</pose>
    <truncated>0</truncated>
    <difficult>0</difficult>
    <bndbox>
      <xmin>105</xmin>
      <ymin>141</ymin>
      <xmax>239</xmax>
      <ymax>326</ymax>
    </bndbox>
  </object>
  <object>
    <name>A</name>
    <pose>Unspecified</pose>
    <truncated>0</truncated>
    <difficult>0</difficult>
    <bndbox>
      <xmin>235</xmin>
      <ymin>157</ymin>
      <xmax>335</xmax>
      <ymax>325</ymax>
    </bndbox>
  </object>
  <object>
    <name>L</name>
    <pose>Unspecified</pose>
    <truncated>0</truncated>
    <difficult>0</difficult>
    <bndbox>
      <xmin>330</xmin>
      <ymin>162</ymin>
      <xmax>460</xmax>
      <ymax>301</ymax>
    </bndbox>
  </object>
  <object>
    <name>L</name>
    <pose>Unspecified</pose>
    <truncated>0</truncated>
    <difficult>0</difficult>
    <bndbox>
      <xmin>453</xmin>
      <ymin>164</ymin>
      <xmax>590</xmax>
      <ymax>304</ymax>
    </bndbox>
  </object>
</annotation>
