<annotation>
  <folder>positive_images</folder>
  <filename>21.48290813-peace-graffiti-on-an-old-city-wallin-europe.jpg</filename>
  <path>/Users/uma/Documents/cmpe_257_assignment/data_training_assignment/positive_images/21.48290813-peace-graffiti-on-an-old-city-wallin-europe.jpg</path>
  <source>
    <database>Unknown</database>
  </source>
  <size>
    <width>1300</width>
    <height>866</height>
    <depth>3</depth>
  </size>
  <segmented>0</segmented>
  <object>
    <name>text</name>
    <pose>Unspecified</pose>
    <truncated>0</truncated>
    <difficult>0</difficult>
    <bndbox>
      <xmin>62</xmin>
      <ymin>174</ymin>
      <xmax>1237</xmax>
      <ymax>611</ymax>
    </bndbox>
  </object>
  <object>
    <name>P</name>
    <pose>Unspecified</pose>
    <truncated>0</truncated>
    <difficult>0</difficult>
    <bndbox>
      <xmin>61</xmin>
      <ymin>190</ymin>
      <xmax>275</xmax>
      <ymax>607</ymax>
    </bndbox>
  </object>
  <object>
    <name>E</name>
    <pose>Unspecified</pose>
    <truncated>0</truncated>
    <difficult>0</difficult>
    <bndbox>
      <xmin>265</xmin>
      <ymin>214</ymin>
      <xmax>523</xmax>
      <ymax>609</ymax>
    </bndbox>
  </object>
  <object>
    <name>A</name>
    <pose>Unspecified</pose>
    <truncated>0</truncated>
    <difficult>0</difficult>
    <bndbox>
      <xmin>496</xmin>
      <ymin>206</ymin>
      <xmax>707</xmax>
      <ymax>626</ymax>
    </bndbox>
  </object>
  <object>
    <name>C</name>
    <pose>Unspecified</pose>
    <truncated>0</truncated>
    <difficult>0</difficult>
    <bndbox>
      <xmin>707</xmin>
      <ymin>179</ymin>
      <xmax>984</xmax>
      <ymax>569</ymax>
    </bndbox>
  </object>
  <object>
    <name>E</name>
    <pose>Unspecified</pose>
    <truncated>0</truncated>
    <difficult>0</difficult>
    <bndbox>
      <xmin>978</xmin>
      <ymin>193</ymin>
      <xmax>1226</xmax>
      <ymax>561</ymax>
    </bndbox>
  </object>
</annotation>
