<annotation>
	<folder>positive_images</folder>
	<filename>23.bronx-new-york-usa-hip-hop-related-tag-graffiti-vector-22739071.jpg</filename>
	<path>/Users/uma/Documents/cmpe_257_assignment/data_training_assignment/positive_images/23.bronx-new-york-usa-hip-hop-related-tag-graffiti-vector-22739071.jpg</path>
	<source>
		<database>Unknown</database>
	</source>
	<size>
		<width>1000</width>
		<height>780</height>
		<depth>3</depth>
	</size>
	<segmented>0</segmented>
	<object>
		<name>text</name>
		<pose>Unspecified</pose>
		<truncated>0</truncated>
		<difficult>0</difficult>
		<bndbox>
			<xmin>74</xmin>
			<ymin>120</ymin>
			<xmax>946</xmax>
			<ymax>493</ymax>
		</bndbox>
	</object>
	<object>
		<name>*</name>
		<pose>Unspecified</pose>
		<truncated>0</truncated>
		<difficult>0</difficult>
		<bndbox>
			<xmin>63</xmin>
			<ymin>209</ymin>
			<xmax>220</xmax>
			<ymax>414</ymax>
		</bndbox>
	</object>
	<object>
		<name>*</name>
		<pose>Unspecified</pose>
		<truncated>0</truncated>
		<difficult>0</difficult>
		<bndbox>
			<xmin>780</xmin>
			<ymin>208</ymin>
			<xmax>918</xmax>
			<ymax>354</ymax>
		</bndbox>
	</object>
	<object>
		<name>B</name>
		<pose>Unspecified</pose>
		<truncated>0</truncated>
		<difficult>0</difficult>
		<bndbox>
			<xmin>165</xmin>
			<ymin>129</ymin>
			<xmax>364</xmax>
			<ymax>519</ymax>
		</bndbox>
	</object>
	<object>
		<name>R</name>
		<pose>Unspecified</pose>
		<truncated>0</truncated>
		<difficult>0</difficult>
		<bndbox>
			<xmin>338</xmin>
			<ymin>174</ymin>
			<xmax>484</xmax>
			<ymax>469</ymax>
		</bndbox>
	</object>
	<object>
		<name>O</name>
		<pose>Unspecified</pose>
		<truncated>0</truncated>
		<difficult>0</difficult>
		<bndbox>
			<xmin>463</xmin>
			<ymin>219</ymin>
			<xmax>576</xmax>
			<ymax>472</ymax>
		</bndbox>
	</object>
	<object>
		<name>N</name>
		<pose>Unspecified</pose>
		<truncated>0</truncated>
		<difficult>0</difficult>
		<bndbox>
			<xmin>560</xmin>
			<ymin>128</ymin>
			<xmax>680</xmax>
			<ymax>503</ymax>
		</bndbox>
	</object>
	<object>
		<name>X</name>
		<pose>Unspecified</pose>
		<truncated>0</truncated>
		<difficult>0</difficult>
		<bndbox>
			<xmin>653</xmin>
			<ymin>177</ymin>
			<xmax>828</xmax>
			<ymax>470</ymax>
		</bndbox>
	</object>
</annotation>
