<annotation>
  <folder>positive_images</folder>
  <filename>24.art-not-war-graffiti-on-building-MHC7BJ.jpg</filename>
  <path>/Users/uma/Documents/cmpe_257_assignment/data_training_assignment/positive_images/24.art-not-war-graffiti-on-building-MHC7BJ.jpg</path>
  <source>
    <database>Unknown</database>
  </source>
  <size>
    <width>1300</width>
    <height>935</height>
    <depth>3</depth>
  </size>
  <segmented>0</segmented>
  <object>
    <name>text</name>
    <pose>Unspecified</pose>
    <truncated>0</truncated>
    <difficult>0</difficult>
    <bndbox>
      <xmin>42</xmin>
      <ymin>345</ymin>
      <xmax>1256</xmax>
      <ymax>579</ymax>
    </bndbox>
  </object>
  <object>
    <name>A</name>
    <pose>Unspecified</pose>
    <truncated>0</truncated>
    <difficult>0</difficult>
    <bndbox>
      <xmin>69</xmin>
      <ymin>368</ymin>
      <xmax>131</xmax>
      <ymax>565</ymax>
    </bndbox>
  </object>
  <object>
    <name>R</name>
    <pose>Unspecified</pose>
    <truncated>0</truncated>
    <difficult>0</difficult>
    <bndbox>
      <xmin>115</xmin>
      <ymin>365</ymin>
      <xmax>200</xmax>
      <ymax>568</ymax>
    </bndbox>
  </object>
  <object>
    <name>T</name>
    <pose>Unspecified</pose>
    <truncated>0</truncated>
    <difficult>0</difficult>
    <bndbox>
      <xmin>197</xmin>
      <ymin>384</ymin>
      <xmax>296</xmax>
      <ymax>583</ymax>
    </bndbox>
  </object>
  <object>
    <name>N</name>
    <pose>Unspecified</pose>
    <truncated>0</truncated>
    <difficult>0</difficult>
    <bndbox>
      <xmin>284</xmin>
      <ymin>364</ymin>
      <xmax>383</xmax>
      <ymax>579</ymax>
    </bndbox>
  </object>
  <object>
    <name>O</name>
    <pose>Unspecified</pose>
    <truncated>0</truncated>
    <difficult>0</difficult>
    <bndbox>
      <xmin>392</xmin>
      <ymin>378</ymin>
      <xmax>504</xmax>
      <ymax>533</ymax>
    </bndbox>
  </object>
  <object>
    <name>T</name>
    <pose>Unspecified</pose>
    <truncated>0</truncated>
    <difficult>0</difficult>
    <bndbox>
      <xmin>484</xmin>
      <ymin>362</ymin>
      <xmax>631</xmax>
      <ymax>541</ymax>
    </bndbox>
  </object>
  <object>
    <name>W</name>
    <pose>Unspecified</pose>
    <truncated>0</truncated>
    <difficult>0</difficult>
    <bndbox>
      <xmin>686</xmin>
      <ymin>356</ymin>
      <xmax>908</xmax>
      <ymax>535</ymax>
    </bndbox>
  </object>
  <object>
    <name>a</name>
    <pose>Unspecified</pose>
    <truncated>0</truncated>
    <difficult>0</difficult>
    <bndbox>
      <xmin>908</xmin>
      <ymin>368</ymin>
      <xmax>1026</xmax>
      <ymax>565</ymax>
    </bndbox>
  </object>
  <object>
    <name>r</name>
    <pose>Unspecified</pose>
    <truncated>0</truncated>
    <difficult>0</difficult>
    <bndbox>
      <xmin>1069</xmin>
      <ymin>359</ymin>
      <xmax>1229</xmax>
      <ymax>568</ymax>
    </bndbox>
  </object>
</annotation>
