<annotation>
  <folder>positive_images</folder>
  <filename>26.71DAHlKXGL._SX425_.jpg</filename>
  <path>/Users/uma/Documents/cmpe_257_assignment/data_training_assignment/positive_images/26.71DAHlKXGL._SX425_.jpg</path>
  <source>
    <database>Unknown</database>
  </source>
  <size>
    <width>425</width>
    <height>284</height>
    <depth>3</depth>
  </size>
  <segmented>0</segmented>
  <object>
    <name>text</name>
    <pose>Unspecified</pose>
    <truncated>0</truncated>
    <difficult>0</difficult>
    <bndbox>
      <xmin>20</xmin>
      <ymin>79</ymin>
      <xmax>409</xmax>
      <ymax>208</ymax>
    </bndbox>
  </object>
  <object>
    <name>C</name>
    <pose>Unspecified</pose>
    <truncated>0</truncated>
    <difficult>0</difficult>
    <bndbox>
      <xmin>19</xmin>
      <ymin>88</ymin>
      <xmax>75</xmax>
      <ymax>193</ymax>
    </bndbox>
  </object>
  <object>
    <name>O</name>
    <pose>Unspecified</pose>
    <truncated>0</truncated>
    <difficult>0</difficult>
    <bndbox>
      <xmin>64</xmin>
      <ymin>98</ymin>
      <xmax>120</xmax>
      <ymax>160</ymax>
    </bndbox>
  </object>
  <object>
    <name>e</name>
    <pose>Unspecified</pose>
    <truncated>0</truncated>
    <difficult>0</difficult>
    <bndbox>
      <xmin>119</xmin>
      <ymin>93</ymin>
      <xmax>167</xmax>
      <ymax>165</ymax>
    </bndbox>
  </object>
  <object>
    <name>X</name>
    <pose>Unspecified</pose>
    <truncated>0</truncated>
    <difficult>0</difficult>
    <bndbox>
      <xmin>159</xmin>
      <ymin>101</ymin>
      <xmax>202</xmax>
      <ymax>190</ymax>
    </bndbox>
  </object>
  <object>
    <name>i</name>
    <pose>Unspecified</pose>
    <truncated>0</truncated>
    <difficult>0</difficult>
    <bndbox>
      <xmin>246</xmin>
      <ymin>95</ymin>
      <xmax>280</xmax>
      <ymax>182</ymax>
    </bndbox>
  </object>
  <object>
    <name>S</name>
    <pose>Unspecified</pose>
    <truncated>0</truncated>
    <difficult>0</difficult>
    <bndbox>
      <xmin>277</xmin>
      <ymin>87</ymin>
      <xmax>330</xmax>
      <ymax>183</ymax>
    </bndbox>
  </object>
  <object>
    <name>t</name>
    <pose>Unspecified</pose>
    <truncated>0</truncated>
    <difficult>0</difficult>
    <bndbox>
      <xmin>323</xmin>
      <ymin>88</ymin>
      <xmax>410</xmax>
      <ymax>192</ymax>
    </bndbox>
  </object>
</annotation>
