<annotation>
  <folder>positive_images</folder>
  <filename>29.711OH2FQ1gL._SX425_.jpg</filename>
  <path>/Users/uma/Documents/cmpe_257_assignment/data_training_assignment/positive_images/29.711OH2FQ1gL._SX425_.jpg</path>
  <source>
    <database>Unknown</database>
  </source>
  <size>
    <width>425</width>
    <height>354</height>
    <depth>3</depth>
  </size>
  <segmented>0</segmented>
  <object>
    <name>text</name>
    <pose>Unspecified</pose>
    <truncated>0</truncated>
    <difficult>0</difficult>
    <bndbox>
      <xmin>144</xmin>
      <ymin>132</ymin>
      <xmax>307</xmax>
      <ymax>218</ymax>
    </bndbox>
  </object>
  <object>
    <name>R</name>
    <pose>Unspecified</pose>
    <truncated>0</truncated>
    <difficult>0</difficult>
    <bndbox>
      <xmin>142</xmin>
      <ymin>135</ymin>
      <xmax>193</xmax>
      <ymax>212</ymax>
    </bndbox>
  </object>
  <object>
    <name>O</name>
    <pose>Unspecified</pose>
    <truncated>0</truncated>
    <difficult>0</difficult>
    <bndbox>
      <xmin>185</xmin>
      <ymin>143</ymin>
      <xmax>230</xmax>
      <ymax>224</ymax>
    </bndbox>
  </object>
  <object>
    <name>C</name>
    <pose>Unspecified</pose>
    <truncated>0</truncated>
    <difficult>0</difficult>
    <bndbox>
      <xmin>220</xmin>
      <ymin>140</ymin>
      <xmax>264</xmax>
      <ymax>220</ymax>
    </bndbox>
  </object>
  <object>
    <name>K</name>
    <pose>Unspecified</pose>
    <truncated>0</truncated>
    <difficult>0</difficult>
    <bndbox>
      <xmin>259</xmin>
      <ymin>144</ymin>
      <xmax>306</xmax>
      <ymax>217</ymax>
    </bndbox>
  </object>
</annotation>
