<annotation>
  <folder>positive_images</folder>
  <filename>3.81jSQosKQ5L._SL1200_.jpg</filename>
  <path>/Users/uma/Documents/cmpe_257_assignment/data_training_assignment/positive_images/3.81jSQosKQ5L._SL1200_.jpg</path>
  <source>
    <database>Unknown</database>
  </source>
  <size>
    <width>1200</width>
    <height>1200</height>
    <depth>3</depth>
  </size>
  <segmented>0</segmented>
  <object>
    <name>text</name>
    <pose>Unspecified</pose>
    <truncated>0</truncated>
    <difficult>0</difficult>
    <bndbox>
      <xmin>207</xmin>
      <ymin>373</ymin>
      <xmax>1038</xmax>
      <ymax>790</ymax>
    </bndbox>
  </object>
  <object>
    <name>M</name>
    <pose>Unspecified</pose>
    <truncated>0</truncated>
    <difficult>0</difficult>
    <bndbox>
      <xmin>228</xmin>
      <ymin>409</ymin>
      <xmax>465</xmax>
      <ymax>750</ymax>
    </bndbox>
  </object>
  <object>
    <name>U</name>
    <pose>Unspecified</pose>
    <truncated>0</truncated>
    <difficult>0</difficult>
    <bndbox>
      <xmin>443</xmin>
      <ymin>407</ymin>
      <xmax>668</xmax>
      <ymax>717</ymax>
    </bndbox>
  </object>
  <object>
    <name>S</name>
    <pose>Unspecified</pose>
    <truncated>0</truncated>
    <difficult>0</difficult>
    <bndbox>
      <xmin>651</xmin>
      <ymin>382</ymin>
      <xmax>797</xmax>
      <ymax>776</ymax>
    </bndbox>
  </object>
  <object>
    <name>I</name>
    <pose>Unspecified</pose>
    <truncated>0</truncated>
    <difficult>0</difficult>
    <bndbox>
      <xmin>768</xmin>
      <ymin>373</ymin>
      <xmax>868</xmax>
      <ymax>721</ymax>
    </bndbox>
  </object>
  <object>
    <name>C</name>
    <pose>Unspecified</pose>
    <truncated>0</truncated>
    <difficult>0</difficult>
    <bndbox>
      <xmin>849</xmin>
      <ymin>401</ymin>
      <xmax>1024</xmax>
      <ymax>730</ymax>
    </bndbox>
  </object>
</annotation>
