<annotation>
  <folder>positive_images</folder>
  <filename>31.Graffiti-Mural-Agency-USA-San-Francisco-Bay-Area-California-10.jpg</filename>
  <path>/Users/uma/Documents/cmpe_257_assignment/data_training_assignment/positive_images/31.Graffiti-Mural-Agency-USA-San-Francisco-Bay-Area-California-10.jpg</path>
  <source>
    <database>Unknown</database>
  </source>
  <size>
    <width>1000</width>
    <height>575</height>
    <depth>3</depth>
  </size>
  <segmented>0</segmented>
  <object>
    <name>text</name>
    <pose>Unspecified</pose>
    <truncated>0</truncated>
    <difficult>0</difficult>
    <bndbox>
      <xmin>89</xmin>
      <ymin>162</ymin>
      <xmax>900</xmax>
      <ymax>528</ymax>
    </bndbox>
  </object>
  <object>
    <name>M</name>
    <pose>Unspecified</pose>
    <truncated>0</truncated>
    <difficult>0</difficult>
    <bndbox>
      <xmin>90</xmin>
      <ymin>121</ymin>
      <xmax>356</xmax>
      <ymax>467</ymax>
    </bndbox>
  </object>
  <object>
    <name>a</name>
    <pose>Unspecified</pose>
    <truncated>0</truncated>
    <difficult>0</difficult>
    <bndbox>
      <xmin>326</xmin>
      <ymin>221</ymin>
      <xmax>457</xmax>
      <ymax>351</ymax>
    </bndbox>
  </object>
  <object>
    <name>g</name>
    <pose>Unspecified</pose>
    <truncated>0</truncated>
    <difficult>0</difficult>
    <bndbox>
      <xmin>434</xmin>
      <ymin>188</ymin>
      <xmax>603</xmax>
      <ymax>519</ymax>
    </bndbox>
  </object>
  <object>
    <name>i</name>
    <pose>Unspecified</pose>
    <truncated>0</truncated>
    <difficult>0</difficult>
    <bndbox>
      <xmin>584</xmin>
      <ymin>145</ymin>
      <xmax>711</xmax>
      <ymax>377</ymax>
    </bndbox>
  </object>
  <object>
    <name>c</name>
    <pose>Unspecified</pose>
    <truncated>0</truncated>
    <difficult>0</difficult>
    <bndbox>
      <xmin>697</xmin>
      <ymin>189</ymin>
      <xmax>945</xmax>
      <ymax>425</ymax>
    </bndbox>
  </object>
</annotation>
