<annotation>
  <folder>positive_images</folder>
  <filename>31.news042210_07.jpg</filename>
  <path>/Users/uma/Documents/cmpe_257_assignment/data_training_assignment/positive_images/31.news042210_07.jpg</path>
  <source>
    <database>Unknown</database>
  </source>
  <size>
    <width>500</width>
    <height>350</height>
    <depth>3</depth>
  </size>
  <segmented>0</segmented>
  <object>
    <name>text</name>
    <pose>Unspecified</pose>
    <truncated>0</truncated>
    <difficult>0</difficult>
    <bndbox>
      <xmin>11</xmin>
      <ymin>48</ymin>
      <xmax>333</xmax>
      <ymax>282</ymax>
    </bndbox>
  </object>
  <object>
    <name>B</name>
    <pose>Unspecified</pose>
    <truncated>0</truncated>
    <difficult>0</difficult>
    <bndbox>
      <xmin>14</xmin>
      <ymin>57</ymin>
      <xmax>77</xmax>
      <ymax>155</ymax>
    </bndbox>
  </object>
  <object>
    <name>A</name>
    <pose>Unspecified</pose>
    <truncated>0</truncated>
    <difficult>0</difficult>
    <bndbox>
      <xmin>73</xmin>
      <ymin>55</ymin>
      <xmax>122</xmax>
      <ymax>157</ymax>
    </bndbox>
  </object>
  <object>
    <name>N</name>
    <pose>Unspecified</pose>
    <truncated>0</truncated>
    <difficult>0</difficult>
    <bndbox>
      <xmin>113</xmin>
      <ymin>66</ymin>
      <xmax>171</xmax>
      <ymax>142</ymax>
    </bndbox>
  </object>
  <object>
    <name>K</name>
    <pose>Unspecified</pose>
    <truncated>0</truncated>
    <difficult>0</difficult>
    <bndbox>
      <xmin>166</xmin>
      <ymin>63</ymin>
      <xmax>221</xmax>
      <ymax>144</ymax>
    </bndbox>
  </object>
  <object>
    <name>S</name>
    <pose>Unspecified</pose>
    <truncated>0</truncated>
    <difficult>0</difficult>
    <bndbox>
      <xmin>218</xmin>
      <ymin>58</ymin>
      <xmax>275</xmax>
      <ymax>160</ymax>
    </bndbox>
  </object>
  <object>
    <name>Y</name>
    <pose>Unspecified</pose>
    <truncated>0</truncated>
    <difficult>0</difficult>
    <bndbox>
      <xmin>268</xmin>
      <ymin>55</ymin>
      <xmax>330</xmax>
      <ymax>160</ymax>
    </bndbox>
  </object>
  <object>
    <name>H</name>
    <pose>Unspecified</pose>
    <truncated>0</truncated>
    <difficult>0</difficult>
    <bndbox>
      <xmin>35</xmin>
      <ymin>155</ymin>
      <xmax>53</xmax>
      <ymax>188</ymax>
    </bndbox>
  </object>
  <object>
    <name>E</name>
    <pose>Unspecified</pose>
    <truncated>0</truncated>
    <difficult>0</difficult>
    <bndbox>
      <xmin>50</xmin>
      <ymin>158</ymin>
      <xmax>62</xmax>
      <ymax>190</ymax>
    </bndbox>
  </object>
  <object>
    <name>'</name>
    <pose>Unspecified</pose>
    <truncated>0</truncated>
    <difficult>0</difficult>
    <bndbox>
      <xmin>57</xmin>
      <ymin>152</ymin>
      <xmax>70</xmax>
      <ymax>166</ymax>
    </bndbox>
  </object>
  <object>
    <name>S</name>
    <pose>Unspecified</pose>
    <truncated>0</truncated>
    <difficult>0</difficult>
    <bndbox>
      <xmin>64</xmin>
      <ymin>160</ymin>
      <xmax>78</xmax>
      <ymax>186</ymax>
    </bndbox>
  </object>
  <object>
    <name>N</name>
    <pose>Unspecified</pose>
    <truncated>0</truncated>
    <difficult>0</difficult>
    <bndbox>
      <xmin>79</xmin>
      <ymin>161</ymin>
      <xmax>97</xmax>
      <ymax>191</ymax>
    </bndbox>
  </object>
  <object>
    <name>O</name>
    <pose>Unspecified</pose>
    <truncated>0</truncated>
    <difficult>0</difficult>
    <bndbox>
      <xmin>93</xmin>
      <ymin>160</ymin>
      <xmax>102</xmax>
      <ymax>182</ymax>
    </bndbox>
  </object>
  <object>
    <name>T</name>
    <pose>Unspecified</pose>
    <truncated>0</truncated>
    <difficult>0</difficult>
    <bndbox>
      <xmin>97</xmin>
      <ymin>157</ymin>
      <xmax>116</xmax>
      <ymax>188</ymax>
    </bndbox>
  </object>
  <object>
    <name>T</name>
    <pose>Unspecified</pose>
    <truncated>0</truncated>
    <difficult>0</difficult>
    <bndbox>
      <xmin>122</xmin>
      <ymin>158</ymin>
      <xmax>134</xmax>
      <ymax>188</ymax>
    </bndbox>
  </object>
  <object>
    <name>H</name>
    <pose>Unspecified</pose>
    <truncated>0</truncated>
    <difficult>0</difficult>
    <bndbox>
      <xmin>132</xmin>
      <ymin>153</ymin>
      <xmax>147</xmax>
      <ymax>190</ymax>
    </bndbox>
  </object>
  <object>
    <name>E</name>
    <pose>Unspecified</pose>
    <truncated>0</truncated>
    <difficult>0</difficult>
    <bndbox>
      <xmin>141</xmin>
      <ymin>159</ymin>
      <xmax>161</xmax>
      <ymax>186</ymax>
    </bndbox>
  </object>
  <object>
    <name>M</name>
    <pose>Unspecified</pose>
    <truncated>0</truncated>
    <difficult>0</difficult>
    <bndbox>
      <xmin>169</xmin>
      <ymin>155</ymin>
      <xmax>185</xmax>
      <ymax>180</ymax>
    </bndbox>
  </object>
  <object>
    <name>E</name>
    <pose>Unspecified</pose>
    <truncated>0</truncated>
    <difficult>0</difficult>
    <bndbox>
      <xmin>183</xmin>
      <ymin>156</ymin>
      <xmax>195</xmax>
      <ymax>182</ymax>
    </bndbox>
  </object>
  <object>
    <name>S</name>
    <pose>Unspecified</pose>
    <truncated>0</truncated>
    <difficult>0</difficult>
    <bndbox>
      <xmin>192</xmin>
      <ymin>157</ymin>
      <xmax>202</xmax>
      <ymax>180</ymax>
    </bndbox>
  </object>
  <object>
    <name>S</name>
    <pose>Unspecified</pose>
    <truncated>0</truncated>
    <difficult>0</difficult>
    <bndbox>
      <xmin>205</xmin>
      <ymin>157</ymin>
      <xmax>218</xmax>
      <ymax>182</ymax>
    </bndbox>
  </object>
  <object>
    <name>I</name>
    <pose>Unspecified</pose>
    <truncated>0</truncated>
    <difficult>0</difficult>
    <bndbox>
      <xmin>212</xmin>
      <ymin>156</ymin>
      <xmax>223</xmax>
      <ymax>180</ymax>
    </bndbox>
  </object>
  <object>
    <name>A</name>
    <pose>Unspecified</pose>
    <truncated>0</truncated>
    <difficult>0</difficult>
    <bndbox>
      <xmin>219</xmin>
      <ymin>152</ymin>
      <xmax>233</xmax>
      <ymax>180</ymax>
    </bndbox>
  </object>
  <object>
    <name>H</name>
    <pose>Unspecified</pose>
    <truncated>0</truncated>
    <difficult>0</difficult>
    <bndbox>
      <xmin>234</xmin>
      <ymin>152</ymin>
      <xmax>251</xmax>
      <ymax>186</ymax>
    </bndbox>
  </object>
  <object>
    <name>H</name>
    <pose>Unspecified</pose>
    <truncated>0</truncated>
    <difficult>0</difficult>
    <bndbox>
      <xmin>68</xmin>
      <ymin>187</ymin>
      <xmax>86</xmax>
      <ymax>210</ymax>
    </bndbox>
  </object>
  <object>
    <name>E</name>
    <pose>Unspecified</pose>
    <truncated>0</truncated>
    <difficult>0</difficult>
    <bndbox>
      <xmin>82</xmin>
      <ymin>191</ymin>
      <xmax>96</xmax>
      <ymax>212</ymax>
    </bndbox>
  </object>
  <object>
    <name>S</name>
    <pose>Unspecified</pose>
    <truncated>0</truncated>
    <difficult>0</difficult>
    <bndbox>
      <xmin>96</xmin>
      <ymin>188</ymin>
      <xmax>112</xmax>
      <ymax>215</ymax>
    </bndbox>
  </object>
  <object>
    <name>A</name>
    <pose>Unspecified</pose>
    <truncated>0</truncated>
    <difficult>0</difficult>
    <bndbox>
      <xmin>115</xmin>
      <ymin>190</ymin>
      <xmax>130</xmax>
      <ymax>217</ymax>
    </bndbox>
  </object>
  <object>
    <name>V</name>
    <pose>Unspecified</pose>
    <truncated>0</truncated>
    <difficult>0</difficult>
    <bndbox>
      <xmin>134</xmin>
      <ymin>190</ymin>
      <xmax>147</xmax>
      <ymax>219</ymax>
    </bndbox>
  </object>
  <object>
    <name>E</name>
    <pose>Unspecified</pose>
    <truncated>0</truncated>
    <difficult>0</difficult>
    <bndbox>
      <xmin>144</xmin>
      <ymin>192</ymin>
      <xmax>155</xmax>
      <ymax>215</ymax>
    </bndbox>
  </object>
  <object>
    <name>R</name>
    <pose>Unspecified</pose>
    <truncated>0</truncated>
    <difficult>0</difficult>
    <bndbox>
      <xmin>154</xmin>
      <ymin>192</ymin>
      <xmax>163</xmax>
      <ymax>215</ymax>
    </bndbox>
  </object>
  <object>
    <name>Y</name>
    <pose>Unspecified</pose>
    <truncated>0</truncated>
    <difficult>0</difficult>
    <bndbox>
      <xmin>163</xmin>
      <ymin>190</ymin>
      <xmax>180</xmax>
      <ymax>221</ymax>
    </bndbox>
  </object>
  <object>
    <name>N</name>
    <pose>Unspecified</pose>
    <truncated>0</truncated>
    <difficult>0</difficult>
    <bndbox>
      <xmin>182</xmin>
      <ymin>187</ymin>
      <xmax>201</xmax>
      <ymax>218</ymax>
    </bndbox>
  </object>
  <object>
    <name>A</name>
    <pose>Unspecified</pose>
    <truncated>0</truncated>
    <difficult>0</difficult>
    <bndbox>
      <xmin>202</xmin>
      <ymin>189</ymin>
      <xmax>212</xmax>
      <ymax>221</ymax>
    </bndbox>
  </object>
  <object>
    <name>U</name>
    <pose>Unspecified</pose>
    <truncated>0</truncated>
    <difficult>0</difficult>
    <bndbox>
      <xmin>211</xmin>
      <ymin>191</ymin>
      <xmax>219</xmax>
      <ymax>216</ymax>
    </bndbox>
  </object>
  <object>
    <name>G</name>
    <pose>Unspecified</pose>
    <truncated>0</truncated>
    <difficult>0</difficult>
    <bndbox>
      <xmin>220</xmin>
      <ymin>190</ymin>
      <xmax>235</xmax>
      <ymax>221</ymax>
    </bndbox>
  </object>
  <object>
    <name>H</name>
    <pose>Unspecified</pose>
    <truncated>0</truncated>
    <difficult>0</difficult>
    <bndbox>
      <xmin>233</xmin>
      <ymin>185</ymin>
      <xmax>250</xmax>
      <ymax>229</ymax>
    </bndbox>
  </object>
  <object>
    <name>T</name>
    <pose>Unspecified</pose>
    <truncated>0</truncated>
    <difficult>0</difficult>
    <bndbox>
      <xmin>245</xmin>
      <ymin>186</ymin>
      <xmax>266</xmax>
      <ymax>227</ymax>
    </bndbox>
  </object>
  <object>
    <name>Y</name>
    <pose>Unspecified</pose>
    <truncated>0</truncated>
    <difficult>0</difficult>
    <bndbox>
      <xmin>263</xmin>
      <ymin>185</ymin>
      <xmax>286</xmax>
      <ymax>223</ymax>
    </bndbox>
  </object>
  <object>
    <name>R</name>
    <pose>Unspecified</pose>
    <truncated>0</truncated>
    <difficult>0</difficult>
    <bndbox>
      <xmin>91</xmin>
      <ymin>224</ymin>
      <xmax>112</xmax>
      <ymax>259</ymax>
    </bndbox>
  </object>
  <object>
    <name>o</name>
    <pose>Unspecified</pose>
    <truncated>0</truncated>
    <difficult>0</difficult>
    <bndbox>
      <xmin>108</xmin>
      <ymin>232</ymin>
      <xmax>123</xmax>
      <ymax>251</ymax>
    </bndbox>
  </object>
  <object>
    <name>B</name>
    <pose>Unspecified</pose>
    <truncated>0</truncated>
    <difficult>0</difficult>
    <bndbox>
      <xmin>119</xmin>
      <ymin>229</ymin>
      <xmax>135</xmax>
      <ymax>255</ymax>
    </bndbox>
  </object>
  <object>
    <name>B</name>
    <pose>Unspecified</pose>
    <truncated>0</truncated>
    <difficult>0</difficult>
    <bndbox>
      <xmin>133</xmin>
      <ymin>224</ymin>
      <xmax>149</xmax>
      <ymax>255</ymax>
    </bndbox>
  </object>
  <object>
    <name>O</name>
    <pose>Unspecified</pose>
    <truncated>0</truncated>
    <difficult>0</difficult>
    <bndbox>
      <xmin>146</xmin>
      <ymin>229</ymin>
      <xmax>167</xmax>
      <ymax>257</ymax>
    </bndbox>
  </object>
  <object>
    <name>T</name>
    <pose>Unspecified</pose>
    <truncated>0</truncated>
    <difficult>0</difficult>
    <bndbox>
      <xmin>188</xmin>
      <ymin>229</ymin>
      <xmax>202</xmax>
      <ymax>265</ymax>
    </bndbox>
  </object>
  <object>
    <name>E</name>
    <pose>Unspecified</pose>
    <truncated>0</truncated>
    <difficult>0</difficult>
    <bndbox>
      <xmin>199</xmin>
      <ymin>232</ymin>
      <xmax>216</xmax>
      <ymax>258</ymax>
    </bndbox>
  </object>
  <object>
    <name>A</name>
    <pose>Unspecified</pose>
    <truncated>0</truncated>
    <difficult>0</difficult>
    <bndbox>
      <xmin>214</xmin>
      <ymin>230</ymin>
      <xmax>230</xmax>
      <ymax>261</ymax>
    </bndbox>
  </object>
  <object>
    <name>M</name>
    <pose>Unspecified</pose>
    <truncated>0</truncated>
    <difficult>0</difficult>
    <bndbox>
      <xmin>227</xmin>
      <ymin>227</ymin>
      <xmax>249</xmax>
      <ymax>261</ymax>
    </bndbox>
  </object>
  <object>
    <name>R</name>
    <pose>Unspecified</pose>
    <truncated>0</truncated>
    <difficult>0</difficult>
    <bndbox>
      <xmin>253</xmin>
      <ymin>233</ymin>
      <xmax>270</xmax>
      <ymax>263</ymax>
    </bndbox>
  </object>
  <object>
    <name>O</name>
    <pose>Unspecified</pose>
    <truncated>0</truncated>
    <difficult>0</difficult>
    <bndbox>
      <xmin>265</xmin>
      <ymin>235</ymin>
      <xmax>279</xmax>
      <ymax>261</ymax>
    </bndbox>
  </object>
  <object>
    <name>B</name>
    <pose>Unspecified</pose>
    <truncated>0</truncated>
    <difficult>0</difficult>
    <bndbox>
      <xmin>277</xmin>
      <ymin>232</ymin>
      <xmax>291</xmax>
      <ymax>266</ymax>
    </bndbox>
  </object>
  <object>
    <name>B</name>
    <pose>Unspecified</pose>
    <truncated>0</truncated>
    <difficult>0</difficult>
    <bndbox>
      <xmin>291</xmin>
      <ymin>229</ymin>
      <xmax>308</xmax>
      <ymax>264</ymax>
    </bndbox>
  </object>
  <object>
    <name>O</name>
    <pose>Unspecified</pose>
    <truncated>0</truncated>
    <difficult>0</difficult>
    <bndbox>
      <xmin>305</xmin>
      <ymin>232</ymin>
      <xmax>332</xmax>
      <ymax>269</ymax>
    </bndbox>
  </object>
</annotation>
