<annotation>
  <folder>positive_images</folder>
  <filename>32.il_fullxfull.1649457693_cm8b.jpg</filename>
  <path>/Users/uma/Documents/cmpe_257_assignment/data_training_assignment/positive_images/32.il_fullxfull.1649457693_cm8b.jpg</path>
  <source>
    <database>Unknown</database>
  </source>
  <size>
    <width>1001</width>
    <height>1001</height>
    <depth>3</depth>
  </size>
  <segmented>0</segmented>
  <object>
    <name>text</name>
    <pose>Unspecified</pose>
    <truncated>0</truncated>
    <difficult>0</difficult>
    <bndbox>
      <xmin>54</xmin>
      <ymin>311</ymin>
      <xmax>933</xmax>
      <ymax>687</ymax>
    </bndbox>
  </object>
  <object>
    <name>M</name>
    <pose>Unspecified</pose>
    <truncated>0</truncated>
    <difficult>0</difficult>
    <bndbox>
      <xmin>73</xmin>
      <ymin>312</ymin>
      <xmax>381</xmax>
      <ymax>674</ymax>
    </bndbox>
  </object>
  <object>
    <name>U</name>
    <pose>Unspecified</pose>
    <truncated>0</truncated>
    <difficult>0</difficult>
    <bndbox>
      <xmin>355</xmin>
      <ymin>382</ymin>
      <xmax>523</xmax>
      <ymax>622</ymax>
    </bndbox>
  </object>
  <object>
    <name>S</name>
    <pose>Unspecified</pose>
    <truncated>0</truncated>
    <difficult>0</difficult>
    <bndbox>
      <xmin>492</xmin>
      <ymin>373</ymin>
      <xmax>700</xmax>
      <ymax>622</ymax>
    </bndbox>
  </object>
  <object>
    <name>i</name>
    <pose>Unspecified</pose>
    <truncated>0</truncated>
    <difficult>0</difficult>
    <bndbox>
      <xmin>660</xmin>
      <ymin>328</ymin>
      <xmax>785</xmax>
      <ymax>627</ymax>
    </bndbox>
  </object>
  <object>
    <name>c</name>
    <pose>Unspecified</pose>
    <truncated>0</truncated>
    <difficult>0</difficult>
    <bndbox>
      <xmin>738</xmin>
      <ymin>384</ymin>
      <xmax>933</xmax>
      <ymax>632</ymax>
    </bndbox>
  </object>
</annotation>
