<annotation>
  <folder>positive_images</folder>
  <filename>33.rr1xllvqinx9t8aaaaae.jpg</filename>
  <path>/Users/uma/Documents/cmpe_257_assignment/data_training_assignment/positive_images/33.rr1xllvqinx9t8aaaaae.jpg</path>
  <source>
    <database>Unknown</database>
  </source>
  <size>
    <width>1120</width>
    <height>1120</height>
    <depth>3</depth>
  </size>
  <segmented>0</segmented>
  <object>
    <name>text</name>
    <pose>Unspecified</pose>
    <truncated>0</truncated>
    <difficult>0</difficult>
    <bndbox>
      <xmin>183</xmin>
      <ymin>49</ymin>
      <xmax>1002</xmax>
      <ymax>1021</ymax>
    </bndbox>
  </object>
  <object>
    <name>G</name>
    <pose>Unspecified</pose>
    <truncated>0</truncated>
    <difficult>0</difficult>
    <bndbox>
      <xmin>197</xmin>
      <ymin>47</ymin>
      <xmax>454</xmax>
      <ymax>303</ymax>
    </bndbox>
  </object>
  <object>
    <name>O</name>
    <pose>Unspecified</pose>
    <truncated>0</truncated>
    <difficult>0</difficult>
    <bndbox>
      <xmin>465</xmin>
      <ymin>56</ymin>
      <xmax>742</xmax>
      <ymax>319</ymax>
    </bndbox>
  </object>
  <object>
    <name>H</name>
    <pose>Unspecified</pose>
    <truncated>0</truncated>
    <difficult>0</difficult>
    <bndbox>
      <xmin>267</xmin>
      <ymin>360</ymin>
      <xmax>502</xmax>
      <ymax>599</ymax>
    </bndbox>
  </object>
  <object>
    <name>E</name>
    <pose>Unspecified</pose>
    <truncated>0</truncated>
    <difficult>0</difficult>
    <bndbox>
      <xmin>526</xmin>
      <ymin>360</ymin>
      <xmax>711</xmax>
      <ymax>615</ymax>
    </bndbox>
  </object>
  <object>
    <name>L</name>
    <pose>Unspecified</pose>
    <truncated>0</truncated>
    <difficult>0</difficult>
    <bndbox>
      <xmin>704</xmin>
      <ymin>388</ymin>
      <xmax>851</xmax>
      <ymax>576</ymax>
    </bndbox>
  </object>
  <object>
    <name>L</name>
    <pose>Unspecified</pose>
    <truncated>0</truncated>
    <difficult>0</difficult>
    <bndbox>
      <xmin>838</xmin>
      <ymin>378</ymin>
      <xmax>977</xmax>
      <ymax>583</ymax>
    </bndbox>
  </object>
  <object>
    <name>U</name>
    <pose>Unspecified</pose>
    <truncated>0</truncated>
    <difficult>0</difficult>
    <bndbox>
      <xmin>286</xmin>
      <ymin>653</ymin>
      <xmax>490</xmax>
      <ymax>863</ymax>
    </bndbox>
  </object>
  <object>
    <name>S</name>
    <pose>Unspecified</pose>
    <truncated>0</truncated>
    <difficult>0</difficult>
    <bndbox>
      <xmin>508</xmin>
      <ymin>644</ymin>
      <xmax>676</xmax>
      <ymax>871</ymax>
    </bndbox>
  </object>
  <object>
    <name>A</name>
    <pose>Unspecified</pose>
    <truncated>0</truncated>
    <difficult>0</difficult>
    <bndbox>
      <xmin>670</xmin>
      <ymin>644</ymin>
      <xmax>929</xmax>
      <ymax>919</ymax>
    </bndbox>
  </object>
  <object>
    <name>U</name>
    <pose>Unspecified</pose>
    <truncated>0</truncated>
    <difficult>0</difficult>
    <bndbox>
      <xmin>363</xmin>
      <ymin>872</ymin>
      <xmax>515</xmax>
      <ymax>1008</ymax>
    </bndbox>
  </object>
  <object>
    <name>u</name>
    <pose>Unspecified</pose>
    <truncated>0</truncated>
    <difficult>0</difficult>
    <bndbox>
      <xmin>526</xmin>
      <ymin>887</ymin>
      <xmax>672</xmax>
      <ymax>1003</ymax>
    </bndbox>
  </object>
</annotation>
