<annotation>
  <folder>positive_images</folder>
  <filename>36.il_794xN.1636594466_cloz.jpg</filename>
  <path>/Users/uma/Documents/cmpe_257_assignment/data_training_assignment/positive_images/36.il_794xN.1636594466_cloz.jpg</path>
  <source>
    <database>Unknown</database>
  </source>
  <size>
    <width>794</width>
    <height>675</height>
    <depth>3</depth>
  </size>
  <segmented>0</segmented>
  <object>
    <name>text</name>
    <pose>Unspecified</pose>
    <truncated>0</truncated>
    <difficult>0</difficult>
    <bndbox>
      <xmin>61</xmin>
      <ymin>164</ymin>
      <xmax>769</xmax>
      <ymax>486</ymax>
    </bndbox>
  </object>
  <object>
    <name>L</name>
    <pose>Unspecified</pose>
    <truncated>0</truncated>
    <difficult>0</difficult>
    <bndbox>
      <xmin>71</xmin>
      <ymin>280</ymin>
      <xmax>271</xmax>
      <ymax>475</ymax>
    </bndbox>
  </object>
  <object>
    <name>U</name>
    <pose>Unspecified</pose>
    <truncated>0</truncated>
    <difficult>0</difficult>
    <bndbox>
      <xmin>253</xmin>
      <ymin>256</ymin>
      <xmax>382</xmax>
      <ymax>438</ymax>
    </bndbox>
  </object>
  <object>
    <name>C</name>
    <pose>Unspecified</pose>
    <truncated>0</truncated>
    <difficult>0</difficult>
    <bndbox>
      <xmin>374</xmin>
      <ymin>229</ymin>
      <xmax>535</xmax>
      <ymax>405</ymax>
    </bndbox>
  </object>
  <object>
    <name>A</name>
    <pose>Unspecified</pose>
    <truncated>0</truncated>
    <difficult>0</difficult>
    <bndbox>
      <xmin>510</xmin>
      <ymin>191</ymin>
      <xmax>658</xmax>
      <ymax>390</ymax>
    </bndbox>
  </object>
  <object>
    <name>S</name>
    <pose>Unspecified</pose>
    <truncated>0</truncated>
    <difficult>0</difficult>
    <bndbox>
      <xmin>649</xmin>
      <ymin>161</ymin>
      <xmax>766</xmax>
      <ymax>363</ymax>
    </bndbox>
  </object>
</annotation>
