<annotation>
  <folder>positive_images</folder>
  <filename>37.israels-broken-fingaz-graffiti-crew-have-spent-their-career-appalling-people-1413241110660.jpg</filename>
  <path>/Users/uma/Documents/cmpe_257_assignment/data_training_assignment/positive_images/37.israels-broken-fingaz-graffiti-crew-have-spent-their-career-appalling-people-1413241110660.jpg</path>
  <source>
    <database>Unknown</database>
  </source>
  <size>
    <width>2000</width>
    <height>1122</height>
    <depth>3</depth>
  </size>
  <segmented>0</segmented>
  <object>
    <name>text</name>
    <pose>Unspecified</pose>
    <truncated>0</truncated>
    <difficult>0</difficult>
    <bndbox>
      <xmin>456</xmin>
      <ymin>202</ymin>
      <xmax>1885</xmax>
      <ymax>841</ymax>
    </bndbox>
  </object>
  <object>
    <name>B</name>
    <pose>Unspecified</pose>
    <truncated>0</truncated>
    <difficult>0</difficult>
    <bndbox>
      <xmin>502</xmin>
      <ymin>390</ymin>
      <xmax>651</xmax>
      <ymax>575</ymax>
    </bndbox>
  </object>
  <object>
    <name>R</name>
    <pose>Unspecified</pose>
    <truncated>0</truncated>
    <difficult>0</difficult>
    <bndbox>
      <xmin>638</xmin>
      <ymin>356</ymin>
      <xmax>760</xmax>
      <ymax>556</ymax>
    </bndbox>
  </object>
  <object>
    <name>O</name>
    <pose>Unspecified</pose>
    <truncated>0</truncated>
    <difficult>0</difficult>
    <bndbox>
      <xmin>746</xmin>
      <ymin>351</ymin>
      <xmax>863</xmax>
      <ymax>519</ymax>
    </bndbox>
  </object>
  <object>
    <name>K</name>
    <pose>Unspecified</pose>
    <truncated>0</truncated>
    <difficult>0</difficult>
    <bndbox>
      <xmin>836</xmin>
      <ymin>307</ymin>
      <xmax>975</xmax>
      <ymax>465</ymax>
    </bndbox>
  </object>
  <object>
    <name>E</name>
    <pose>Unspecified</pose>
    <truncated>0</truncated>
    <difficult>0</difficult>
    <bndbox>
      <xmin>960</xmin>
      <ymin>241</ymin>
      <xmax>1099</xmax>
      <ymax>434</ymax>
    </bndbox>
  </object>
  <object>
    <name>N</name>
    <pose>Unspecified</pose>
    <truncated>0</truncated>
    <difficult>0</difficult>
    <bndbox>
      <xmin>1075</xmin>
      <ymin>202</ymin>
      <xmax>1214</xmax>
      <ymax>436</ymax>
    </bndbox>
  </object>
  <object>
    <name>F</name>
    <pose>Unspecified</pose>
    <truncated>0</truncated>
    <difficult>0</difficult>
    <bndbox>
      <xmin>538</xmin>
      <ymin>595</ymin>
      <xmax>687</xmax>
      <ymax>802</ymax>
    </bndbox>
  </object>
  <object>
    <name>I</name>
    <pose>Unspecified</pose>
    <truncated>0</truncated>
    <difficult>0</difficult>
    <bndbox>
      <xmin>677</xmin>
      <ymin>597</ymin>
      <xmax>738</xmax>
      <ymax>775</ymax>
    </bndbox>
  </object>
  <object>
    <name>N</name>
    <pose>Unspecified</pose>
    <truncated>0</truncated>
    <difficult>0</difficult>
    <bndbox>
      <xmin>731</xmin>
      <ymin>575</ymin>
      <xmax>865</xmax>
      <ymax>726</ymax>
    </bndbox>
  </object>
  <object>
    <name>G</name>
    <pose>Unspecified</pose>
    <truncated>0</truncated>
    <difficult>0</difficult>
    <bndbox>
      <xmin>851</xmin>
      <ymin>509</ymin>
      <xmax>970</xmax>
      <ymax>761</ymax>
    </bndbox>
  </object>
  <object>
    <name>A</name>
    <pose>Unspecified</pose>
    <truncated>0</truncated>
    <difficult>0</difficult>
    <bndbox>
      <xmin>936</xmin>
      <ymin>465</ymin>
      <xmax>1065</xmax>
      <ymax>685</ymax>
    </bndbox>
  </object>
  <object>
    <name>Z</name>
    <pose>Unspecified</pose>
    <truncated>0</truncated>
    <difficult>0</difficult>
    <bndbox>
      <xmin>1019</xmin>
      <ymin>448</ymin>
      <xmax>1187</xmax>
      <ymax>658</ymax>
    </bndbox>
  </object>
  <object>
    <name>A</name>
    <pose>Unspecified</pose>
    <truncated>0</truncated>
    <difficult>0</difficult>
    <bndbox>
      <xmin>1246</xmin>
      <ymin>368</ymin>
      <xmax>1331</xmax>
      <ymax>553</ymax>
    </bndbox>
  </object>
  <object>
    <name>R</name>
    <pose>Unspecified</pose>
    <truncated>0</truncated>
    <difficult>0</difficult>
    <bndbox>
      <xmin>1319</xmin>
      <ymin>324</ymin>
      <xmax>1429</xmax>
      <ymax>519</ymax>
    </bndbox>
  </object>
  <object>
    <name>E</name>
    <pose>Unspecified</pose>
    <truncated>0</truncated>
    <difficult>0</difficult>
    <bndbox>
      <xmin>1429</xmin>
      <ymin>285</ymin>
      <xmax>1597</xmax>
      <ymax>509</ymax>
    </bndbox>
  </object>
  <object>
    <name>T</name>
    <pose>Unspecified</pose>
    <truncated>0</truncated>
    <difficult>0</difficult>
    <bndbox>
      <xmin>1575</xmin>
      <ymin>287</ymin>
      <xmax>1663</xmax>
      <ymax>431</ymax>
    </bndbox>
  </object>
  <object>
    <name>H</name>
    <pose>Unspecified</pose>
    <truncated>0</truncated>
    <difficult>0</difficult>
    <bndbox>
      <xmin>1646</xmin>
      <ymin>261</ymin>
      <xmax>1736</xmax>
      <ymax>439</ymax>
    </bndbox>
  </object>
  <object>
    <name>E</name>
    <pose>Unspecified</pose>
    <truncated>0</truncated>
    <difficult>0</difficult>
    <bndbox>
      <xmin>1731</xmin>
      <ymin>268</ymin>
      <xmax>1816</xmax>
      <ymax>434</ymax>
    </bndbox>
  </object>
  <object>
    <name>S</name>
    <pose>Unspecified</pose>
    <truncated>0</truncated>
    <difficult>0</difficult>
    <bndbox>
      <xmin>1275</xmin>
      <ymin>575</ymin>
      <xmax>1419</xmax>
      <ymax>829</ymax>
    </bndbox>
  </object>
  <object>
    <name>H</name>
    <pose>Unspecified</pose>
    <truncated>0</truncated>
    <difficult>0</difficult>
    <bndbox>
      <xmin>1412</xmin>
      <ymin>558</ymin>
      <xmax>1533</xmax>
      <ymax>765</ymax>
    </bndbox>
  </object>
  <object>
    <name>I</name>
    <pose>Unspecified</pose>
    <truncated>0</truncated>
    <difficult>0</difficult>
    <bndbox>
      <xmin>1504</xmin>
      <ymin>548</ymin>
      <xmax>1619</xmax>
      <ymax>719</ymax>
    </bndbox>
  </object>
  <object>
    <name>T</name>
    <pose>Unspecified</pose>
    <truncated>0</truncated>
    <difficult>0</difficult>
    <bndbox>
      <xmin>1570</xmin>
      <ymin>500</ymin>
      <xmax>1780</xmax>
      <ymax>741</ymax>
    </bndbox>
  </object>
</annotation>
