<annotation>
  <folder>positive_images</folder>
  <filename>38.dsc05348.jpg</filename>
  <path>/Users/uma/Documents/cmpe_257_assignment/data_training_assignment/positive_images/38.dsc05348.jpg</path>
  <source>
    <database>Unknown</database>
  </source>
  <size>
    <width>3046</width>
    <height>1986</height>
    <depth>3</depth>
  </size>
  <segmented>0</segmented>
  <object>
    <name>text</name>
    <pose>Unspecified</pose>
    <truncated>0</truncated>
    <difficult>0</difficult>
    <bndbox>
      <xmin>1223</xmin>
      <ymin>863</ymin>
      <xmax>1704</xmax>
      <ymax>1163</ymax>
    </bndbox>
  </object>
  <object>
    <name>C</name>
    <pose>Unspecified</pose>
    <truncated>0</truncated>
    <difficult>0</difficult>
    <bndbox>
      <xmin>1241</xmin>
      <ymin>863</ymin>
      <xmax>1349</xmax>
      <ymax>1019</ymax>
    </bndbox>
  </object>
  <object>
    <name>O</name>
    <pose>Unspecified</pose>
    <truncated>0</truncated>
    <difficult>0</difficult>
    <bndbox>
      <xmin>1349</xmin>
      <ymin>878</ymin>
      <xmax>1445</xmax>
      <ymax>993</ymax>
    </bndbox>
  </object>
  <object>
    <name>O</name>
    <pose>Unspecified</pose>
    <truncated>0</truncated>
    <difficult>0</difficult>
    <bndbox>
      <xmin>1452</xmin>
      <ymin>889</ymin>
      <xmax>1541</xmax>
      <ymax>1030</ymax>
    </bndbox>
  </object>
  <object>
    <name>L</name>
    <pose>Unspecified</pose>
    <truncated>0</truncated>
    <difficult>0</difficult>
    <bndbox>
      <xmin>1537</xmin>
      <ymin>878</ymin>
      <xmax>1660</xmax>
      <ymax>1011</ymax>
    </bndbox>
  </object>
  <object>
    <name>K</name>
    <pose>Unspecified</pose>
    <truncated>0</truncated>
    <difficult>0</difficult>
    <bndbox>
      <xmin>1271</xmin>
      <ymin>996</ymin>
      <xmax>1412</xmax>
      <ymax>1137</ymax>
    </bndbox>
  </object>
  <object>
    <name>I</name>
    <pose>Unspecified</pose>
    <truncated>0</truncated>
    <difficult>0</difficult>
    <bndbox>
      <xmin>1397</xmin>
      <ymin>1000</ymin>
      <xmax>1478</xmax>
      <ymax>1122</ymax>
    </bndbox>
  </object>
  <object>
    <name>D</name>
    <pose>Unspecified</pose>
    <truncated>0</truncated>
    <difficult>0</difficult>
    <bndbox>
      <xmin>1460</xmin>
      <ymin>985</ymin>
      <xmax>1582</xmax>
      <ymax>1137</ymax>
    </bndbox>
  </object>
  <object>
    <name>S</name>
    <pose>Unspecified</pose>
    <truncated>0</truncated>
    <difficult>0</difficult>
    <bndbox>
      <xmin>1574</xmin>
      <ymin>959</ymin>
      <xmax>1704</xmax>
      <ymax>1148</ymax>
    </bndbox>
  </object>
</annotation>
