<annotation>
  <folder>positive_images</folder>
  <filename>41.music-scribbles-graffiti_23-2147501311.jpg</filename>
  <path>/Users/uma/Documents/cmpe_257_assignment/data_training_assignment/positive_images/41.music-scribbles-graffiti_23-2147501311.jpg</path>
  <source>
    <database>Unknown</database>
  </source>
  <size>
    <width>626</width>
    <height>626</height>
    <depth>3</depth>
  </size>
  <segmented>0</segmented>
  <object>
    <name>text</name>
    <pose>Unspecified</pose>
    <truncated>0</truncated>
    <difficult>0</difficult>
    <bndbox>
      <xmin>182</xmin>
      <ymin>242</ymin>
      <xmax>449</xmax>
      <ymax>357</ymax>
    </bndbox>
  </object>
  <object>
    <name>M</name>
    <pose>Unspecified</pose>
    <truncated>0</truncated>
    <difficult>0</difficult>
    <bndbox>
      <xmin>192</xmin>
      <ymin>248</ymin>
      <xmax>254</xmax>
      <ymax>349</ymax>
    </bndbox>
  </object>
  <object>
    <name>U</name>
    <pose>Unspecified</pose>
    <truncated>0</truncated>
    <difficult>0</difficult>
    <bndbox>
      <xmin>251</xmin>
      <ymin>248</ymin>
      <xmax>306</xmax>
      <ymax>353</ymax>
    </bndbox>
  </object>
  <object>
    <name>S</name>
    <pose>Unspecified</pose>
    <truncated>0</truncated>
    <difficult>0</difficult>
    <bndbox>
      <xmin>300</xmin>
      <ymin>247</ymin>
      <xmax>344</xmax>
      <ymax>355</ymax>
    </bndbox>
  </object>
  <object>
    <name>I</name>
    <pose>Unspecified</pose>
    <truncated>0</truncated>
    <difficult>0</difficult>
    <bndbox>
      <xmin>343</xmin>
      <ymin>247</ymin>
      <xmax>380</xmax>
      <ymax>355</ymax>
    </bndbox>
  </object>
  <object>
    <name>C</name>
    <pose>Unspecified</pose>
    <truncated>0</truncated>
    <difficult>0</difficult>
    <bndbox>
      <xmin>381</xmin>
      <ymin>248</ymin>
      <xmax>429</xmax>
      <ymax>354</ymax>
    </bndbox>
  </object>
</annotation>
