<annotation>
  <folder>positive_images</folder>
  <filename>43.graffiti-music-eps-vector_csp4295268.jpg</filename>
  <path>/Users/uma/Documents/cmpe_257_assignment/data_training_assignment/positive_images/43.graffiti-music-eps-vector_csp4295268.jpg</path>
  <source>
    <database>Unknown</database>
  </source>
  <size>
    <width>450</width>
    <height>338</height>
    <depth>3</depth>
  </size>
  <segmented>0</segmented>
  <object>
    <name>text</name>
    <pose>Unspecified</pose>
    <truncated>0</truncated>
    <difficult>0</difficult>
    <bndbox>
      <xmin>31</xmin>
      <ymin>65</ymin>
      <xmax>400</xmax>
      <ymax>246</ymax>
    </bndbox>
  </object>
  <object>
    <name>M</name>
    <pose>Unspecified</pose>
    <truncated>0</truncated>
    <difficult>0</difficult>
    <bndbox>
      <xmin>36</xmin>
      <ymin>77</ymin>
      <xmax>135</xmax>
      <ymax>243</ymax>
    </bndbox>
  </object>
  <object>
    <name>U</name>
    <pose>Unspecified</pose>
    <truncated>0</truncated>
    <difficult>0</difficult>
    <bndbox>
      <xmin>127</xmin>
      <ymin>76</ymin>
      <xmax>209</xmax>
      <ymax>226</ymax>
    </bndbox>
  </object>
  <object>
    <name>S</name>
    <pose>Unspecified</pose>
    <truncated>0</truncated>
    <difficult>0</difficult>
    <bndbox>
      <xmin>201</xmin>
      <ymin>82</ymin>
      <xmax>276</xmax>
      <ymax>231</ymax>
    </bndbox>
  </object>
  <object>
    <name>i</name>
    <pose>Unspecified</pose>
    <truncated>0</truncated>
    <difficult>0</difficult>
    <bndbox>
      <xmin>267</xmin>
      <ymin>81</ymin>
      <xmax>314</xmax>
      <ymax>222</ymax>
    </bndbox>
  </object>
  <object>
    <name>C</name>
    <pose>Unspecified</pose>
    <truncated>0</truncated>
    <difficult>0</difficult>
    <bndbox>
      <xmin>302</xmin>
      <ymin>84</ymin>
      <xmax>395</xmax>
      <ymax>231</ymax>
    </bndbox>
  </object>
</annotation>
