<annotation>
	<folder>positive_images</folder>
	<filename>43.urban-graffiti-mockup_23-2147762888.jpg</filename>
	<path>/Users/uma/Documents/cmpe_257_assignment/data_training_assignment/positive_images/43.urban-graffiti-mockup_23-2147762888.jpg</path>
	<source>
		<database>Unknown</database>
	</source>
	<size>
		<width>625</width>
		<height>417</height>
		<depth>3</depth>
	</size>
	<segmented>0</segmented>
	<object>
		<name>text</name>
		<pose>Unspecified</pose>
		<truncated>0</truncated>
		<difficult>0</difficult>
		<bndbox>
			<xmin>60</xmin>
			<ymin>74</ymin>
			<xmax>553</xmax>
			<ymax>329</ymax>
		</bndbox>
	</object>
	<object>
		<name>F</name>
		<pose>Unspecified</pose>
		<truncated>0</truncated>
		<difficult>0</difficult>
		<bndbox>
			<xmin>79</xmin>
			<ymin>72</ymin>
			<xmax>228</xmax>
			<ymax>319</ymax>
		</bndbox>
	</object>
	<object>
		<name>u</name>
		<pose>Unspecified</pose>
		<truncated>0</truncated>
		<difficult>0</difficult>
		<bndbox>
			<xmin>176</xmin>
			<ymin>160</ymin>
			<xmax>270</xmax>
			<ymax>307</ymax>
		</bndbox>
	</object>
	<object>
		<name>N</name>
		<pose>Unspecified</pose>
		<truncated>0</truncated>
		<difficult>0</difficult>
		<bndbox>
			<xmin>282</xmin>
			<ymin>89</ymin>
			<xmax>414</xmax>
			<ymax>300</ymax>
		</bndbox>
	</object>
	<object>
		<name>K</name>
		<pose>Unspecified</pose>
		<truncated>0</truncated>
		<difficult>0</difficult>
		<bndbox>
			<xmin>402</xmin>
			<ymin>83</ymin>
			<xmax>553</xmax>
			<ymax>318</ymax>
		</bndbox>
	</object>
</annotation>
