<annotation>
  <folder>positive_images</folder>
  <filename>47.116310125-war-graffiti-france-lamp-shadow.jpg</filename>
  <path>/Users/uma/Documents/cmpe_257_assignment/data_training_assignment/positive_images/47.116310125-war-graffiti-france-lamp-shadow.jpg</path>
  <source>
    <database>Unknown</database>
  </source>
  <size>
    <width>867</width>
    <height>1300</height>
    <depth>3</depth>
  </size>
  <segmented>0</segmented>
  <object>
    <name>text</name>
    <pose>Unspecified</pose>
    <truncated>0</truncated>
    <difficult>0</difficult>
    <bndbox>
      <xmin>113</xmin>
      <ymin>102</ymin>
      <xmax>615</xmax>
      <ymax>495</ymax>
    </bndbox>
  </object>
  <object>
    <name>W</name>
    <pose>Unspecified</pose>
    <truncated>0</truncated>
    <difficult>0</difficult>
    <bndbox>
      <xmin>125</xmin>
      <ymin>185</ymin>
      <xmax>311</xmax>
      <ymax>472</ymax>
    </bndbox>
  </object>
  <object>
    <name>A</name>
    <pose>Unspecified</pose>
    <truncated>0</truncated>
    <difficult>0</difficult>
    <bndbox>
      <xmin>294</xmin>
      <ymin>145</ymin>
      <xmax>429</xmax>
      <ymax>477</ymax>
    </bndbox>
  </object>
  <object>
    <name>R</name>
    <pose>Unspecified</pose>
    <truncated>0</truncated>
    <difficult>0</difficult>
    <bndbox>
      <xmin>394</xmin>
      <ymin>122</ymin>
      <xmax>558</xmax>
      <ymax>408</ymax>
    </bndbox>
  </object>
</annotation>
