<annotation>
  <folder>positive_images</folder>
  <filename>49.001ec949fb5914daa83211.jpg</filename>
  <path>/Users/uma/Documents/cmpe_257_assignment/data_training_assignment/positive_images/49.001ec949fb5914daa83211.jpg</path>
  <source>
    <database>Unknown</database>
  </source>
  <size>
    <width>600</width>
    <height>400</height>
    <depth>3</depth>
  </size>
  <segmented>0</segmented>
  <object>
    <name>text</name>
    <pose>Unspecified</pose>
    <truncated>0</truncated>
    <difficult>0</difficult>
    <bndbox>
      <xmin>118</xmin>
      <ymin>153</ymin>
      <xmax>227</xmax>
      <ymax>203</ymax>
    </bndbox>
  </object>
  <object>
    <name>c</name>
    <pose>Unspecified</pose>
    <truncated>0</truncated>
    <difficult>0</difficult>
    <bndbox>
      <xmin>118</xmin>
      <ymin>155</ymin>
      <xmax>140</xmax>
      <ymax>195</ymax>
    </bndbox>
  </object>
  <object>
    <name>l</name>
    <pose>Unspecified</pose>
    <truncated>0</truncated>
    <difficult>0</difficult>
    <bndbox>
      <xmin>137</xmin>
      <ymin>155</ymin>
      <xmax>153</xmax>
      <ymax>192</ymax>
    </bndbox>
  </object>
  <object>
    <name>o</name>
    <pose>Unspecified</pose>
    <truncated>0</truncated>
    <difficult>0</difficult>
    <bndbox>
      <xmin>156</xmin>
      <ymin>162</ymin>
      <xmax>172</xmax>
      <ymax>190</ymax>
    </bndbox>
  </object>
  <object>
    <name>u</name>
    <pose>Unspecified</pose>
    <truncated>0</truncated>
    <difficult>0</difficult>
    <bndbox>
      <xmin>173</xmin>
      <ymin>160</ymin>
      <xmax>196</xmax>
      <ymax>196</ymax>
    </bndbox>
  </object>
  <object>
    <name>d</name>
    <pose>Unspecified</pose>
    <truncated>0</truncated>
    <difficult>0</difficult>
    <bndbox>
      <xmin>195</xmin>
      <ymin>154</ymin>
      <xmax>221</xmax>
      <ymax>199</ymax>
    </bndbox>
  </object>
  <object>
    <name>text</name>
    <pose>Unspecified</pose>
    <truncated>0</truncated>
    <difficult>0</difficult>
    <bndbox>
      <xmin>102</xmin>
      <ymin>7</ymin>
      <xmax>248</xmax>
      <ymax>156</ymax>
    </bndbox>
  </object>
  <object>
    <name>C</name>
    <pose>Unspecified</pose>
    <truncated>0</truncated>
    <difficult>0</difficult>
    <bndbox>
      <xmin>105</xmin>
      <ymin>10</ymin>
      <xmax>245</xmax>
      <ymax>150</ymax>
    </bndbox>
  </object>
  <object>
    <name>text</name>
    <pose>Unspecified</pose>
    <truncated>0</truncated>
    <difficult>0</difficult>
    <bndbox>
      <xmin>458</xmin>
      <ymin>120</ymin>
      <xmax>526</xmax>
      <ymax>158</ymax>
    </bndbox>
  </object>
  <object>
    <name>D</name>
    <pose>Unspecified</pose>
    <truncated>0</truncated>
    <difficult>0</difficult>
    <bndbox>
      <xmin>456</xmin>
      <ymin>120</ymin>
      <xmax>478</xmax>
      <ymax>155</ymax>
    </bndbox>
  </object>
  <object>
    <name>r</name>
    <pose>Unspecified</pose>
    <truncated>0</truncated>
    <difficult>0</difficult>
    <bndbox>
      <xmin>475</xmin>
      <ymin>129</ymin>
      <xmax>489</xmax>
      <ymax>155</ymax>
    </bndbox>
  </object>
  <object>
    <name>u</name>
    <pose>Unspecified</pose>
    <truncated>0</truncated>
    <difficult>0</difficult>
    <bndbox>
      <xmin>489</xmin>
      <ymin>131</ymin>
      <xmax>502</xmax>
      <ymax>154</ymax>
    </bndbox>
  </object>
  <object>
    <name>m</name>
    <pose>Unspecified</pose>
    <truncated>0</truncated>
    <difficult>0</difficult>
    <bndbox>
      <xmin>503</xmin>
      <ymin>131</ymin>
      <xmax>521</xmax>
      <ymax>152</ymax>
    </bndbox>
  </object>
  <object>
    <name>text</name>
    <pose>Unspecified</pose>
    <truncated>0</truncated>
    <difficult>0</difficult>
    <bndbox>
      <xmin>168</xmin>
      <ymin>258</ymin>
      <xmax>300</xmax>
      <ymax>309</ymax>
    </bndbox>
  </object>
  <object>
    <name>c</name>
    <pose>Unspecified</pose>
    <truncated>0</truncated>
    <difficult>0</difficult>
    <bndbox>
      <xmin>170</xmin>
      <ymin>261</ymin>
      <xmax>191</xmax>
      <ymax>296</ymax>
    </bndbox>
  </object>
  <object>
    <name>o</name>
    <pose>Unspecified</pose>
    <truncated>0</truncated>
    <difficult>0</difficult>
    <bndbox>
      <xmin>190</xmin>
      <ymin>263</ymin>
      <xmax>212</xmax>
      <ymax>293</ymax>
    </bndbox>
  </object>
  <object>
    <name>o</name>
    <pose>Unspecified</pose>
    <truncated>0</truncated>
    <difficult>0</difficult>
    <bndbox>
      <xmin>210</xmin>
      <ymin>260</ymin>
      <xmax>231</xmax>
      <ymax>294</ymax>
    </bndbox>
  </object>
  <object>
    <name>k</name>
    <pose>Unspecified</pose>
    <truncated>0</truncated>
    <difficult>0</difficult>
    <bndbox>
      <xmin>231</xmin>
      <ymin>257</ymin>
      <xmax>252</xmax>
      <ymax>298</ymax>
    </bndbox>
  </object>
  <object>
    <name>i</name>
    <pose>Unspecified</pose>
    <truncated>0</truncated>
    <difficult>0</difficult>
    <bndbox>
      <xmin>253</xmin>
      <ymin>258</ymin>
      <xmax>270</xmax>
      <ymax>299</ymax>
    </bndbox>
  </object>
  <object>
    <name>e</name>
    <pose>Unspecified</pose>
    <truncated>0</truncated>
    <difficult>0</difficult>
    <bndbox>
      <xmin>266</xmin>
      <ymin>266</ymin>
      <xmax>286</xmax>
      <ymax>296</ymax>
    </bndbox>
  </object>
  <object>
    <name>s</name>
    <pose>Unspecified</pose>
    <truncated>0</truncated>
    <difficult>0</difficult>
    <bndbox>
      <xmin>284</xmin>
      <ymin>268</ymin>
      <xmax>302</xmax>
      <ymax>303</ymax>
    </bndbox>
  </object>
</annotation>
