<annotation>
  <folder>positive_images</folder>
  <filename>5.il_794xN.653341952_dnd4.jpg</filename>
  <path>/Users/uma/Documents/cmpe_257_assignment/data_training_assignment/positive_images/5.il_794xN.653341952_dnd4.jpg</path>
  <source>
    <database>Unknown</database>
  </source>
  <size>
    <width>794</width>
    <height>417</height>
    <depth>3</depth>
  </size>
  <segmented>0</segmented>
  <object>
    <name>text</name>
    <pose>Unspecified</pose>
    <truncated>0</truncated>
    <difficult>0</difficult>
    <bndbox>
      <xmin>26</xmin>
      <ymin>63</ymin>
      <xmax>777</xmax>
      <ymax>369</ymax>
    </bndbox>
  </object>
  <object>
    <name>P</name>
    <pose>Unspecified</pose>
    <truncated>0</truncated>
    <difficult>0</difficult>
    <bndbox>
      <xmin>28</xmin>
      <ymin>72</ymin>
      <xmax>180</xmax>
      <ymax>346</ymax>
    </bndbox>
  </object>
  <object>
    <name>E</name>
    <pose>Unspecified</pose>
    <truncated>0</truncated>
    <difficult>0</difficult>
    <bndbox>
      <xmin>137</xmin>
      <ymin>61</ymin>
      <xmax>336</xmax>
      <ymax>267</ymax>
    </bndbox>
  </object>
  <object>
    <name>A</name>
    <pose>Unspecified</pose>
    <truncated>0</truncated>
    <difficult>0</difficult>
    <bndbox>
      <xmin>308</xmin>
      <ymin>50</ymin>
      <xmax>462</xmax>
      <ymax>348</ymax>
    </bndbox>
  </object>
  <object>
    <name>C</name>
    <pose>Unspecified</pose>
    <truncated>0</truncated>
    <difficult>0</difficult>
    <bndbox>
      <xmin>454</xmin>
      <ymin>36</ymin>
      <xmax>594</xmax>
      <ymax>313</ymax>
    </bndbox>
  </object>
  <object>
    <name>E</name>
    <pose>Unspecified</pose>
    <truncated>0</truncated>
    <difficult>0</difficult>
    <bndbox>
      <xmin>580</xmin>
      <ymin>78</ymin>
      <xmax>787</xmax>
      <ymax>334</ymax>
    </bndbox>
  </object>
</annotation>
