<annotation>
  <folder>positive_images</folder>
  <filename>50.300pcs-Graffiti-Cartoon-Sticker-Random-Cool-Stickers-for-Kids-Sticker-on-DIY-Bedroom-Laptop-Luggage-Skateboard.jpg</filename>
  <path>/Users/uma/Documents/cmpe_257_assignment/data_training_assignment/positive_images/50.300pcs-Graffiti-Cartoon-Sticker-Random-Cool-Stickers-for-Kids-Sticker-on-DIY-Bedroom-Laptop-Luggage-Skateboard.jpg</path>
  <source>
    <database>Unknown</database>
  </source>
  <size>
    <width>1050</width>
    <height>1050</height>
    <depth>3</depth>
  </size>
  <segmented>0</segmented>
  <object>
    <name>text</name>
    <pose>Unspecified</pose>
    <truncated>0</truncated>
    <difficult>0</difficult>
    <bndbox>
      <xmin>679</xmin>
      <ymin>553</ymin>
      <xmax>888</xmax>
      <ymax>682</ymax>
    </bndbox>
  </object>
  <object>
    <name>M</name>
    <pose>Unspecified</pose>
    <truncated>0</truncated>
    <difficult>0</difficult>
    <bndbox>
      <xmin>686</xmin>
      <ymin>563</ymin>
      <xmax>754</xmax>
      <ymax>657</ymax>
    </bndbox>
  </object>
  <object>
    <name>E</name>
    <pose>Unspecified</pose>
    <truncated>0</truncated>
    <difficult>0</difficult>
    <bndbox>
      <xmin>748</xmin>
      <ymin>600</ymin>
      <xmax>788</xmax>
      <ymax>658</ymax>
    </bndbox>
  </object>
  <object>
    <name>T</name>
    <pose>Unspecified</pose>
    <truncated>0</truncated>
    <difficult>0</difficult>
    <bndbox>
      <xmin>779</xmin>
      <ymin>588</ymin>
      <xmax>816</xmax>
      <ymax>675</ymax>
    </bndbox>
  </object>
  <object>
    <name>A</name>
    <pose>Unspecified</pose>
    <truncated>0</truncated>
    <difficult>0</difficult>
    <bndbox>
      <xmin>801</xmin>
      <ymin>607</ymin>
      <xmax>839</xmax>
      <ymax>678</ymax>
    </bndbox>
  </object>
  <object>
    <name>L</name>
    <pose>Unspecified</pose>
    <truncated>0</truncated>
    <difficult>0</difficult>
    <bndbox>
      <xmin>838</xmin>
      <ymin>595</ymin>
      <xmax>883</xmax>
      <ymax>697</ymax>
    </bndbox>
  </object>
  <object>
    <name>text</name>
    <pose>Unspecified</pose>
    <truncated>0</truncated>
    <difficult>0</difficult>
    <bndbox>
      <xmin>336</xmin>
      <ymin>638</ymin>
      <xmax>533</xmax>
      <ymax>762</ymax>
    </bndbox>
  </object>
  <object>
    <name>E</name>
    <pose>Unspecified</pose>
    <truncated>0</truncated>
    <difficult>0</difficult>
    <bndbox>
      <xmin>344</xmin>
      <ymin>688</ymin>
      <xmax>379</xmax>
      <ymax>742</ymax>
    </bndbox>
  </object>
  <object>
    <name>A</name>
    <pose>Unspecified</pose>
    <truncated>0</truncated>
    <difficult>0</difficult>
    <bndbox>
      <xmin>371</xmin>
      <ymin>685</ymin>
      <xmax>398</xmax>
      <ymax>730</ymax>
    </bndbox>
  </object>
  <object>
    <name>S</name>
    <pose>Unspecified</pose>
    <truncated>0</truncated>
    <difficult>0</difficult>
    <bndbox>
      <xmin>384</xmin>
      <ymin>682</ymin>
      <xmax>408</xmax>
      <ymax>720</ymax>
    </bndbox>
  </object>
  <object>
    <name>Y</name>
    <pose>Unspecified</pose>
    <truncated>0</truncated>
    <difficult>0</difficult>
    <bndbox>
      <xmin>401</xmin>
      <ymin>668</ymin>
      <xmax>426</xmax>
      <ymax>715</ymax>
    </bndbox>
  </object>
  <object>
    <name>P</name>
    <pose>Unspecified</pose>
    <truncated>0</truncated>
    <difficult>0</difficult>
    <bndbox>
      <xmin>426</xmin>
      <ymin>670</ymin>
      <xmax>443</xmax>
      <ymax>717</ymax>
    </bndbox>
  </object>
  <object>
    <name>E</name>
    <pose>Unspecified</pose>
    <truncated>0</truncated>
    <difficult>0</difficult>
    <bndbox>
      <xmin>434</xmin>
      <ymin>667</ymin>
      <xmax>463</xmax>
      <ymax>713</ymax>
    </bndbox>
  </object>
  <object>
    <name>A</name>
    <pose>Unspecified</pose>
    <truncated>0</truncated>
    <difficult>0</difficult>
    <bndbox>
      <xmin>458</xmin>
      <ymin>670</ymin>
      <xmax>478</xmax>
      <ymax>710</ymax>
    </bndbox>
  </object>
  <object>
    <name>S</name>
    <pose>Unspecified</pose>
    <truncated>0</truncated>
    <difficult>0</difficult>
    <bndbox>
      <xmin>469</xmin>
      <ymin>673</ymin>
      <xmax>489</xmax>
      <ymax>712</ymax>
    </bndbox>
  </object>
  <object>
    <name>Y</name>
    <pose>Unspecified</pose>
    <truncated>0</truncated>
    <difficult>0</difficult>
    <bndbox>
      <xmin>483</xmin>
      <ymin>670</ymin>
      <xmax>511</xmax>
      <ymax>727</ymax>
    </bndbox>
  </object>
</annotation>
