<annotation>
  <folder>positive_images</folder>
  <filename>52.7x5ft-camera-backdrops-vinyl-cloth-photography.jpg</filename>
  <path>/Users/uma/Documents/cmpe_257_assignment/data_training_assignment/positive_images/52.7x5ft-camera-backdrops-vinyl-cloth-photography.jpg</path>
  <source>
    <database>Unknown</database>
  </source>
  <size>
    <width>1171</width>
    <height>1171</height>
    <depth>3</depth>
  </size>
  <segmented>0</segmented>
  <object>
    <name>text</name>
    <pose>Unspecified</pose>
    <truncated>0</truncated>
    <difficult>0</difficult>
    <bndbox>
      <xmin>420</xmin>
      <ymin>555</ymin>
      <xmax>868</xmax>
      <ymax>805</ymax>
    </bndbox>
  </object>
  <object>
    <name>M</name>
    <pose>Unspecified</pose>
    <truncated>0</truncated>
    <difficult>0</difficult>
    <bndbox>
      <xmin>440</xmin>
      <ymin>566</ymin>
      <xmax>589</xmax>
      <ymax>787</ymax>
    </bndbox>
  </object>
  <object>
    <name>u</name>
    <pose>Unspecified</pose>
    <truncated>0</truncated>
    <difficult>0</difficult>
    <bndbox>
      <xmin>559</xmin>
      <ymin>642</ymin>
      <xmax>631</xmax>
      <ymax>761</ymax>
    </bndbox>
  </object>
  <object>
    <name>S</name>
    <pose>Unspecified</pose>
    <truncated>0</truncated>
    <difficult>0</difficult>
    <bndbox>
      <xmin>633</xmin>
      <ymin>631</ymin>
      <xmax>718</xmax>
      <ymax>783</ymax>
    </bndbox>
  </object>
  <object>
    <name>i</name>
    <pose>Unspecified</pose>
    <truncated>0</truncated>
    <difficult>0</difficult>
    <bndbox>
      <xmin>720</xmin>
      <ymin>622</ymin>
      <xmax>796</xmax>
      <ymax>785</ymax>
    </bndbox>
  </object>
  <object>
    <name>c</name>
    <pose>Unspecified</pose>
    <truncated>0</truncated>
    <difficult>0</difficult>
    <bndbox>
      <xmin>757</xmin>
      <ymin>689</ymin>
      <xmax>863</xmax>
      <ymax>796</ymax>
    </bndbox>
  </object>
</annotation>
