<annotation>
	<folder>positive_images</folder>
	<filename>53.mp,650x642,gloss,f8f8f8,t-pad,750x1000,f8f8f8.u3.jpg</filename>
	<path>/Users/uma/Documents/cmpe_257_assignment/data_training_assignment/positive_images/53.mp,650x642,gloss,f8f8f8,t-pad,750x1000,f8f8f8.u3.jpg</path>
	<source>
		<database>Unknown</database>
	</source>
	<size>
		<width>750</width>
		<height>1000</height>
		<depth>3</depth>
	</size>
	<segmented>0</segmented>
	<object>
		<name>text</name>
		<pose>Unspecified</pose>
		<truncated>0</truncated>
		<difficult>0</difficult>
		<bndbox>
			<xmin>157</xmin>
			<ymin>325</ymin>
			<xmax>668</xmax>
			<ymax>595</ymax>
		</bndbox>
	</object>
	<object>
		<name>P</name>
		<pose>Unspecified</pose>
		<truncated>0</truncated>
		<difficult>0</difficult>
		<bndbox>
			<xmin>216</xmin>
			<ymin>316</ymin>
			<xmax>365</xmax>
			<ymax>598</ymax>
		</bndbox>
	</object>
	<object>
		<name>E</name>
		<pose>Unspecified</pose>
		<truncated>0</truncated>
		<difficult>0</difficult>
		<bndbox>
			<xmin>335</xmin>
			<ymin>354</ymin>
			<xmax>452</xmax>
			<ymax>573</ymax>
		</bndbox>
	</object>
	<object>
		<name>A</name>
		<pose>Unspecified</pose>
		<truncated>0</truncated>
		<difficult>0</difficult>
		<bndbox>
			<xmin>414</xmin>
			<ymin>351</ymin>
			<xmax>536</xmax>
			<ymax>576</ymax>
		</bndbox>
	</object>
	<object>
		<name>C</name>
		<pose>Unspecified</pose>
		<truncated>0</truncated>
		<difficult>0</difficult>
		<bndbox>
			<xmin>513</xmin>
			<ymin>393</ymin>
			<xmax>598</xmax>
			<ymax>563</ymax>
		</bndbox>
	</object>
	<object>
		<name>E</name>
		<pose>Unspecified</pose>
		<truncated>0</truncated>
		<difficult>0</difficult>
		<bndbox>
			<xmin>563</xmin>
			<ymin>378</ymin>
			<xmax>667</xmax>
			<ymax>568</ymax>
		</bndbox>
	</object>
</annotation>
