<annotation>
  <folder>positive_images</folder>
  <filename>54.920x920.jpg</filename>
  <path>/Users/uma/Documents/cmpe_257_assignment/data_training_assignment/positive_images/54.920x920.jpg</path>
  <source>
    <database>Unknown</database>
  </source>
  <size>
    <width>920</width>
    <height>518</height>
    <depth>3</depth>
  </size>
  <segmented>0</segmented>
  <object>
    <name>text</name>
    <pose>Unspecified</pose>
    <truncated>0</truncated>
    <difficult>0</difficult>
    <bndbox>
      <xmin>65</xmin>
      <ymin>198</ymin>
      <xmax>577</xmax>
      <ymax>448</ymax>
    </bndbox>
  </object>
  <object>
    <name>L</name>
    <pose>Unspecified</pose>
    <truncated>0</truncated>
    <difficult>0</difficult>
    <bndbox>
      <xmin>67</xmin>
      <ymin>201</ymin>
      <xmax>238</xmax>
      <ymax>436</ymax>
    </bndbox>
  </object>
  <object>
    <name>O</name>
    <pose>Unspecified</pose>
    <truncated>0</truncated>
    <difficult>0</difficult>
    <bndbox>
      <xmin>165</xmin>
      <ymin>222</ymin>
      <xmax>348</xmax>
      <ymax>410</ymax>
    </bndbox>
  </object>
  <object>
    <name>V</name>
    <pose>Unspecified</pose>
    <truncated>0</truncated>
    <difficult>0</difficult>
    <bndbox>
      <xmin>307</xmin>
      <ymin>197</ymin>
      <xmax>447</xmax>
      <ymax>434</ymax>
    </bndbox>
  </object>
  <object>
    <name>e</name>
    <pose>Unspecified</pose>
    <truncated>0</truncated>
    <difficult>0</difficult>
    <bndbox>
      <xmin>430</xmin>
      <ymin>207</ymin>
      <xmax>585</xmax>
      <ymax>434</ymax>
    </bndbox>
  </object>
</annotation>
