<annotation>
  <folder>positive_images</folder>
  <filename>55.music-graffiti_1_000000090016_1.jpg</filename>
  <path>/Users/uma/Documents/cmpe_257_assignment/data_training_assignment/positive_images/55.music-graffiti_1_000000090016_1.jpg</path>
  <source>
    <database>Unknown</database>
  </source>
  <size>
    <width>2145</width>
    <height>1323</height>
    <depth>3</depth>
  </size>
  <segmented>0</segmented>
  <object>
    <name>text</name>
    <pose>Unspecified</pose>
    <truncated>0</truncated>
    <difficult>0</difficult>
    <bndbox>
      <xmin>224</xmin>
      <ymin>208</ymin>
      <xmax>1677</xmax>
      <ymax>1087</ymax>
    </bndbox>
  </object>
  <object>
    <name>M</name>
    <pose>Unspecified</pose>
    <truncated>0</truncated>
    <difficult>0</difficult>
    <bndbox>
      <xmin>243</xmin>
      <ymin>179</ymin>
      <xmax>772</xmax>
      <ymax>982</ymax>
    </bndbox>
  </object>
  <object>
    <name>u</name>
    <pose>Unspecified</pose>
    <truncated>0</truncated>
    <difficult>0</difficult>
    <bndbox>
      <xmin>748</xmin>
      <ymin>456</ymin>
      <xmax>988</xmax>
      <ymax>853</ymax>
    </bndbox>
  </object>
  <object>
    <name>S</name>
    <pose>Unspecified</pose>
    <truncated>0</truncated>
    <difficult>0</difficult>
    <bndbox>
      <xmin>932</xmin>
      <ymin>456</ymin>
      <xmax>1198</xmax>
      <ymax>966</ymax>
    </bndbox>
  </object>
  <object>
    <name>i</name>
    <pose>Unspecified</pose>
    <truncated>0</truncated>
    <difficult>0</difficult>
    <bndbox>
      <xmin>1151</xmin>
      <ymin>424</ymin>
      <xmax>1322</xmax>
      <ymax>861</ymax>
    </bndbox>
  </object>
  <object>
    <name>C</name>
    <pose>Unspecified</pose>
    <truncated>0</truncated>
    <difficult>0</difficult>
    <bndbox>
      <xmin>1259</xmin>
      <ymin>456</ymin>
      <xmax>1572</xmax>
      <ymax>861</ymax>
    </bndbox>
  </object>
</annotation>
