<annotation>
  <folder>positive_images</folder>
  <filename>58.il_794xN.1365639818_anrw.jpg</filename>
  <path>/Users/uma/Documents/cmpe_257_assignment/data_training_assignment/positive_images/58.il_794xN.1365639818_anrw.jpg</path>
  <source>
    <database>Unknown</database>
  </source>
  <size>
    <width>794</width>
    <height>536</height>
    <depth>3</depth>
  </size>
  <segmented>0</segmented>
  <object>
    <name>text</name>
    <pose>Unspecified</pose>
    <truncated>0</truncated>
    <difficult>0</difficult>
    <bndbox>
      <xmin>301</xmin>
      <ymin>74</ymin>
      <xmax>746</xmax>
      <ymax>235</ymax>
    </bndbox>
  </object>
  <object>
    <name>text</name>
    <pose>Unspecified</pose>
    <truncated>0</truncated>
    <difficult>0</difficult>
    <bndbox>
      <xmin>45</xmin>
      <ymin>336</ymin>
      <xmax>460</xmax>
      <ymax>536</ymax>
    </bndbox>
  </object>
  <object>
    <name>L</name>
    <pose>Unspecified</pose>
    <truncated>0</truncated>
    <difficult>0</difficult>
    <bndbox>
      <xmin>51</xmin>
      <ymin>349</ymin>
      <xmax>162</xmax>
      <ymax>525</ymax>
    </bndbox>
  </object>
  <object>
    <name>O</name>
    <pose>Unspecified</pose>
    <truncated>0</truncated>
    <difficult>0</difficult>
    <bndbox>
      <xmin>127</xmin>
      <ymin>374</ymin>
      <xmax>261</xmax>
      <ymax>530</ymax>
    </bndbox>
  </object>
  <object>
    <name>V</name>
    <pose>Unspecified</pose>
    <truncated>0</truncated>
    <difficult>0</difficult>
    <bndbox>
      <xmin>231</xmin>
      <ymin>368</ymin>
      <xmax>367</xmax>
      <ymax>536</ymax>
    </bndbox>
  </object>
  <object>
    <name>e</name>
    <pose>Unspecified</pose>
    <truncated>0</truncated>
    <difficult>0</difficult>
    <bndbox>
      <xmin>320</xmin>
      <ymin>394</ymin>
      <xmax>479</xmax>
      <ymax>536</ymax>
    </bndbox>
  </object>
  <object>
    <name>M</name>
    <pose>Unspecified</pose>
    <truncated>0</truncated>
    <difficult>0</difficult>
    <bndbox>
      <xmin>327</xmin>
      <ymin>94</ymin>
      <xmax>461</xmax>
      <ymax>226</ymax>
    </bndbox>
  </object>
  <object>
    <name>u</name>
    <pose>Unspecified</pose>
    <truncated>0</truncated>
    <difficult>0</difficult>
    <bndbox>
      <xmin>441</xmin>
      <ymin>107</ymin>
      <xmax>525</xmax>
      <ymax>216</ymax>
    </bndbox>
  </object>
  <object>
    <name>S</name>
    <pose>Unspecified</pose>
    <truncated>0</truncated>
    <difficult>0</difficult>
    <bndbox>
      <xmin>515</xmin>
      <ymin>90</ymin>
      <xmax>613</xmax>
      <ymax>204</ymax>
    </bndbox>
  </object>
  <object>
    <name>i</name>
    <pose>Unspecified</pose>
    <truncated>0</truncated>
    <difficult>0</difficult>
    <bndbox>
      <xmin>592</xmin>
      <ymin>84</ymin>
      <xmax>657</xmax>
      <ymax>199</ymax>
    </bndbox>
  </object>
  <object>
    <name>c</name>
    <pose>Unspecified</pose>
    <truncated>0</truncated>
    <difficult>0</difficult>
    <bndbox>
      <xmin>643</xmin>
      <ymin>116</ymin>
      <xmax>742</xmax>
      <ymax>227</ymax>
    </bndbox>
  </object>
</annotation>
