<annotation>
  <folder>positive_images</folder>
  <filename>6.il_570xN.1447506181_cy7f.jpg</filename>
  <path>/Users/uma/Documents/cmpe_257_assignment/data_training_assignment/positive_images/6.il_570xN.1447506181_cy7f.jpg</path>
  <source>
    <database>Unknown</database>
  </source>
  <size>
    <width>570</width>
    <height>570</height>
    <depth>3</depth>
  </size>
  <segmented>0</segmented>
  <object>
    <name>text</name>
    <pose>Unspecified</pose>
    <truncated>0</truncated>
    <difficult>0</difficult>
    <bndbox>
      <xmin>45</xmin>
      <ymin>191</ymin>
      <xmax>512</xmax>
      <ymax>342</ymax>
    </bndbox>
  </object>
  <object>
    <name>C</name>
    <pose>Unspecified</pose>
    <truncated>0</truncated>
    <difficult>0</difficult>
    <bndbox>
      <xmin>40</xmin>
      <ymin>197</ymin>
      <xmax>141</xmax>
      <ymax>337</ymax>
    </bndbox>
  </object>
  <object>
    <name>H</name>
    <pose>Unspecified</pose>
    <truncated>0</truncated>
    <difficult>0</difficult>
    <bndbox>
      <xmin>142</xmin>
      <ymin>192</ymin>
      <xmax>245</xmax>
      <ymax>331</ymax>
    </bndbox>
  </object>
  <object>
    <name>A</name>
    <pose>Unspecified</pose>
    <truncated>0</truncated>
    <difficult>0</difficult>
    <bndbox>
      <xmin>238</xmin>
      <ymin>186</ymin>
      <xmax>343</xmax>
      <ymax>339</ymax>
    </bndbox>
  </object>
  <object>
    <name>S</name>
    <pose>Unspecified</pose>
    <truncated>0</truncated>
    <difficult>0</difficult>
    <bndbox>
      <xmin>330</xmin>
      <ymin>193</ymin>
      <xmax>417</xmax>
      <ymax>342</ymax>
    </bndbox>
  </object>
  <object>
    <name>E</name>
    <pose>Unspecified</pose>
    <truncated>0</truncated>
    <difficult>0</difficult>
    <bndbox>
      <xmin>417</xmin>
      <ymin>193</ymin>
      <xmax>509</xmax>
      <ymax>331</ymax>
    </bndbox>
  </object>
</annotation>
