<annotation>
  <folder>positive_images</folder>
  <filename>60.Ried-4.jpg</filename>
  <path>/Users/uma/Documents/cmpe_257_assignment/data_training_assignment/positive_images/60.Ried-4.jpg</path>
  <source>
    <database>Unknown</database>
  </source>
  <size>
    <width>448</width>
    <height>301</height>
    <depth>3</depth>
  </size>
  <segmented>0</segmented>
  <object>
    <name>text</name>
    <pose>Unspecified</pose>
    <truncated>0</truncated>
    <difficult>0</difficult>
    <bndbox>
      <xmin>41</xmin>
      <ymin>13</ymin>
      <xmax>376</xmax>
      <ymax>201</ymax>
    </bndbox>
  </object>
  <object>
    <name>R</name>
    <pose>Unspecified</pose>
    <truncated>0</truncated>
    <difficult>0</difficult>
    <bndbox>
      <xmin>52</xmin>
      <ymin>21</ymin>
      <xmax>175</xmax>
      <ymax>186</ymax>
    </bndbox>
  </object>
  <object>
    <name>E</name>
    <pose>Unspecified</pose>
    <truncated>0</truncated>
    <difficult>0</difficult>
    <bndbox>
      <xmin>147</xmin>
      <ymin>34</ymin>
      <xmax>238</xmax>
      <ymax>162</ymax>
    </bndbox>
  </object>
  <object>
    <name>I</name>
    <pose>Unspecified</pose>
    <truncated>0</truncated>
    <difficult>0</difficult>
    <bndbox>
      <xmin>226</xmin>
      <ymin>42</ymin>
      <xmax>269</xmax>
      <ymax>180</ymax>
    </bndbox>
  </object>
  <object>
    <name>D</name>
    <pose>Unspecified</pose>
    <truncated>0</truncated>
    <difficult>0</difficult>
    <bndbox>
      <xmin>256</xmin>
      <ymin>38</ymin>
      <xmax>390</xmax>
      <ymax>173</ymax>
    </bndbox>
  </object>
</annotation>
