<annotation>
	<folder>positive_images</folder>
	<filename>61.pexels-photo-2180805.jpg</filename>
	<path>/Users/uma/Documents/cmpe_257_assignment/data_training_assignment/positive_images/61.pexels-photo-2180805.jpg</path>
	<source>
		<database>Unknown</database>
	</source>
	<size>
		<width>8192</width>
		<height>5461</height>
		<depth>3</depth>
	</size>
	<segmented>0</segmented>
	<object>
		<name>text</name>
		<pose>Unspecified</pose>
		<truncated>0</truncated>
		<difficult>0</difficult>
		<bndbox>
			<xmin>3296</xmin>
			<ymin>2390</ymin>
			<xmax>5876</xmax>
			<ymax>4130</ymax>
		</bndbox>
	</object>
	<object>
		<name>N</name>
		<pose>Unspecified</pose>
		<truncated>0</truncated>
		<difficult>0</difficult>
		<bndbox>
			<xmin>3416</xmin>
			<ymin>2380</ymin>
			<xmax>4356</xmax>
			<ymax>4020</ymax>
		</bndbox>
	</object>
	<object>
		<name>o</name>
		<pose>Unspecified</pose>
		<truncated>0</truncated>
		<difficult>0</difficult>
		<bndbox>
			<xmin>4296</xmin>
			<ymin>2720</ymin>
			<xmax>4956</xmax>
			<ymax>3860</ymax>
		</bndbox>
	</object>
	<object>
		<name>T</name>
		<pose>Unspecified</pose>
		<truncated>0</truncated>
		<difficult>0</difficult>
		<bndbox>
			<xmin>4786</xmin>
			<ymin>2460</ymin>
			<xmax>5866</xmax>
			<ymax>3990</ymax>
		</bndbox>
	</object>
</annotation>
