<annotation>
  <folder>positive_images</folder>
  <filename>62.graff8.jpg</filename>
  <path>/Users/uma/Documents/cmpe_257_assignment/data_training_assignment/positive_images/62.graff8.jpg</path>
  <source>
    <database>Unknown</database>
  </source>
  <size>
    <width>2336</width>
    <height>1608</height>
    <depth>3</depth>
  </size>
  <segmented>0</segmented>
  <object>
    <name>text</name>
    <pose>Unspecified</pose>
    <truncated>0</truncated>
    <difficult>0</difficult>
    <bndbox>
      <xmin>368</xmin>
      <ymin>252</ymin>
      <xmax>1902</xmax>
      <ymax>1324</ymax>
    </bndbox>
  </object>
  <object>
    <name>K</name>
    <pose>Unspecified</pose>
    <truncated>0</truncated>
    <difficult>0</difficult>
    <bndbox>
      <xmin>542</xmin>
      <ymin>512</ymin>
      <xmax>1125</xmax>
      <ymax>1335</ymax>
    </bndbox>
  </object>
  <object>
    <name>A</name>
    <pose>Unspecified</pose>
    <truncated>0</truncated>
    <difficult>0</difficult>
    <bndbox>
      <xmin>1034</xmin>
      <ymin>615</ymin>
      <xmax>1511</xmax>
      <ymax>1146</ymax>
    </bndbox>
  </object>
  <object>
    <name>y</name>
    <pose>Unspecified</pose>
    <truncated>0</truncated>
    <difficult>0</difficult>
    <bndbox>
      <xmin>1059</xmin>
      <ymin>358</ymin>
      <xmax>1451</xmax>
      <ymax>792</ymax>
    </bndbox>
  </object>
  <object>
    <name>A</name>
    <pose>Unspecified</pose>
    <truncated>0</truncated>
    <difficult>0</difficult>
    <bndbox>
      <xmin>1331</xmin>
      <ymin>244</ymin>
      <xmax>1694</xmax>
      <ymax>846</ymax>
    </bndbox>
  </object>
</annotation>
