<annotation>
  <folder>positive_images</folder>
  <filename>64.57f4cb5b9bd978d11b8b49bd-750-563.jpg</filename>
  <path>/Users/uma/Documents/cmpe_257_assignment/data_training_assignment/positive_images/64.57f4cb5b9bd978d11b8b49bd-750-563.jpg</path>
  <source>
    <database>Unknown</database>
  </source>
  <size>
    <width>750</width>
    <height>563</height>
    <depth>3</depth>
  </size>
  <segmented>0</segmented>
  <object>
    <name>text</name>
    <pose>Unspecified</pose>
    <truncated>0</truncated>
    <difficult>0</difficult>
    <bndbox>
      <xmin>185</xmin>
      <ymin>1</ymin>
      <xmax>659</xmax>
      <ymax>83</ymax>
    </bndbox>
  </object>
  <object>
    <name>L</name>
    <pose>Unspecified</pose>
    <truncated>0</truncated>
    <difficult>0</difficult>
    <bndbox>
      <xmin>218</xmin>
      <ymin>4</ymin>
      <xmax>245</xmax>
      <ymax>68</ymax>
    </bndbox>
  </object>
  <object>
    <name>A</name>
    <pose>Unspecified</pose>
    <truncated>0</truncated>
    <difficult>0</difficult>
    <bndbox>
      <xmin>245</xmin>
      <ymin>10</ymin>
      <xmax>271</xmax>
      <ymax>70</ymax>
    </bndbox>
  </object>
  <object>
    <name>P</name>
    <pose>Unspecified</pose>
    <truncated>0</truncated>
    <difficult>0</difficult>
    <bndbox>
      <xmin>284</xmin>
      <ymin>1</ymin>
      <xmax>314</xmax>
      <ymax>56</ymax>
    </bndbox>
  </object>
  <object>
    <name>A</name>
    <pose>Unspecified</pose>
    <truncated>0</truncated>
    <difficult>0</difficult>
    <bndbox>
      <xmin>314</xmin>
      <ymin>6</ymin>
      <xmax>335</xmax>
      <ymax>61</ymax>
    </bndbox>
  </object>
  <object>
    <name>Z</name>
    <pose>Unspecified</pose>
    <truncated>0</truncated>
    <difficult>0</difficult>
    <bndbox>
      <xmin>335</xmin>
      <ymin>1</ymin>
      <xmax>380</xmax>
      <ymax>60</ymax>
    </bndbox>
  </object>
  <object>
    <name>S</name>
    <pose>Unspecified</pose>
    <truncated>0</truncated>
    <difficult>0</difficult>
    <bndbox>
      <xmin>406</xmin>
      <ymin>6</ymin>
      <xmax>435</xmax>
      <ymax>53</ymax>
    </bndbox>
  </object>
  <object>
    <name>E</name>
    <pose>Unspecified</pose>
    <truncated>0</truncated>
    <difficult>0</difficult>
    <bndbox>
      <xmin>386</xmin>
      <ymin>11</ymin>
      <xmax>406</xmax>
      <ymax>53</ymax>
    </bndbox>
  </object>
  <object>
    <name>N</name>
    <pose>Unspecified</pose>
    <truncated>0</truncated>
    <difficult>0</difficult>
    <bndbox>
      <xmin>446</xmin>
      <ymin>2</ymin>
      <xmax>478</xmax>
      <ymax>55</ymax>
    </bndbox>
  </object>
  <object>
    <name>U</name>
    <pose>Unspecified</pose>
    <truncated>0</truncated>
    <difficult>0</difficult>
    <bndbox>
      <xmin>472</xmin>
      <ymin>3</ymin>
      <xmax>495</xmax>
      <ymax>54</ymax>
    </bndbox>
  </object>
  <object>
    <name>E</name>
    <pose>Unspecified</pose>
    <truncated>0</truncated>
    <difficult>0</difficult>
    <bndbox>
      <xmin>496</xmin>
      <ymin>7</ymin>
      <xmax>525</xmax>
      <ymax>54</ymax>
    </bndbox>
  </object>
  <object>
    <name>S</name>
    <pose>Unspecified</pose>
    <truncated>0</truncated>
    <difficult>0</difficult>
    <bndbox>
      <xmin>523</xmin>
      <ymin>6</ymin>
      <xmax>550</xmax>
      <ymax>56</ymax>
    </bndbox>
  </object>
  <object>
    <name>T</name>
    <pose>Unspecified</pose>
    <truncated>0</truncated>
    <difficult>0</difficult>
    <bndbox>
      <xmin>550</xmin>
      <ymin>8</ymin>
      <xmax>573</xmax>
      <ymax>60</ymax>
    </bndbox>
  </object>
  <object>
    <name>R</name>
    <pose>Unspecified</pose>
    <truncated>0</truncated>
    <difficult>0</difficult>
    <bndbox>
      <xmin>574</xmin>
      <ymin>9</ymin>
      <xmax>597</xmax>
      <ymax>60</ymax>
    </bndbox>
  </object>
  <object>
    <name>A</name>
    <pose>Unspecified</pose>
    <truncated>0</truncated>
    <difficult>0</difficult>
    <bndbox>
      <xmin>601</xmin>
      <ymin>14</ymin>
      <xmax>624</xmax>
      <ymax>73</ymax>
    </bndbox>
  </object>
</annotation>
