<annotation>
  <folder>positive_images</folder>
  <filename>69.655cf05a-2437-4a09-97db-de327fc72276.jpg</filename>
  <path>/Users/uma/Documents/cmpe_257_assignment/data_training_assignment/positive_images/69.655cf05a-2437-4a09-97db-de327fc72276.jpg</path>
  <source>
    <database>Unknown</database>
  </source>
  <size>
    <width>650</width>
    <height>366</height>
    <depth>3</depth>
  </size>
  <segmented>0</segmented>
  <object>
    <name>text</name>
    <pose>Unspecified</pose>
    <truncated>0</truncated>
    <difficult>0</difficult>
    <bndbox>
      <xmin>82</xmin>
      <ymin>63</ymin>
      <xmax>476</xmax>
      <ymax>283</ymax>
    </bndbox>
  </object>
  <object>
    <name>P</name>
    <pose>Unspecified</pose>
    <truncated>0</truncated>
    <difficult>0</difficult>
    <bndbox>
      <xmin>81</xmin>
      <ymin>66</ymin>
      <xmax>176</xmax>
      <ymax>258</ymax>
    </bndbox>
  </object>
  <object>
    <name>E</name>
    <pose>Unspecified</pose>
    <truncated>0</truncated>
    <difficult>0</difficult>
    <bndbox>
      <xmin>163</xmin>
      <ymin>95</ymin>
      <xmax>234</xmax>
      <ymax>217</ymax>
    </bndbox>
  </object>
  <object>
    <name>A</name>
    <pose>Unspecified</pose>
    <truncated>0</truncated>
    <difficult>0</difficult>
    <bndbox>
      <xmin>234</xmin>
      <ymin>94</ymin>
      <xmax>314</xmax>
      <ymax>293</ymax>
    </bndbox>
  </object>
  <object>
    <name>C</name>
    <pose>Unspecified</pose>
    <truncated>0</truncated>
    <difficult>0</difficult>
    <bndbox>
      <xmin>310</xmin>
      <ymin>96</ymin>
      <xmax>409</xmax>
      <ymax>248</ymax>
    </bndbox>
  </object>
  <object>
    <name>E</name>
    <pose>Unspecified</pose>
    <truncated>0</truncated>
    <difficult>0</difficult>
    <bndbox>
      <xmin>399</xmin>
      <ymin>96</ymin>
      <xmax>475</xmax>
      <ymax>250</ymax>
    </bndbox>
  </object>
</annotation>
