<annotation>
  <folder>positive_images</folder>
  <filename>7.a336.jpg</filename>
  <path>/Users/uma/Documents/cmpe_257_assignment/data_training_assignment/positive_images/7.a336.jpg</path>
  <source>
    <database>Unknown</database>
  </source>
  <size>
    <width>1001</width>
    <height>1001</height>
    <depth>3</depth>
  </size>
  <segmented>0</segmented>
  <object>
    <name>text</name>
    <pose>Unspecified</pose>
    <truncated>0</truncated>
    <difficult>0</difficult>
    <bndbox>
      <xmin>103</xmin>
      <ymin>228</ymin>
      <xmax>923</xmax>
      <ymax>811</ymax>
    </bndbox>
  </object>
  <object>
    <name>P</name>
    <pose>Unspecified</pose>
    <truncated>0</truncated>
    <difficult>0</difficult>
    <bndbox>
      <xmin>101</xmin>
      <ymin>262</ymin>
      <xmax>325</xmax>
      <ymax>771</ymax>
    </bndbox>
  </object>
  <object>
    <name>E</name>
    <pose>Unspecified</pose>
    <truncated>0</truncated>
    <difficult>0</difficult>
    <bndbox>
      <xmin>292</xmin>
      <ymin>295</ymin>
      <xmax>454</xmax>
      <ymax>603</ymax>
    </bndbox>
  </object>
  <object>
    <name>C</name>
    <pose>Unspecified</pose>
    <truncated>0</truncated>
    <difficult>0</difficult>
    <bndbox>
      <xmin>546</xmin>
      <ymin>284</ymin>
      <xmax>734</xmax>
      <ymax>600</ymax>
    </bndbox>
  </object>
  <object>
    <name>E</name>
    <pose>Unspecified</pose>
    <truncated>0</truncated>
    <difficult>0</difficult>
    <bndbox>
      <xmin>727</xmin>
      <ymin>285</ymin>
      <xmax>927</xmax>
      <ymax>771</ymax>
    </bndbox>
  </object>
</annotation>
