<annotation>
  <folder>positive_images</folder>
  <filename>72.596px-Sanctuary_-_Berlin_Wall.jpg</filename>
  <path>/Users/uma/Documents/cmpe_257_assignment/data_training_assignment/positive_images/72.596px-Sanctuary_-_Berlin_Wall.jpg</path>
  <source>
    <database>Unknown</database>
  </source>
  <size>
    <width>596</width>
    <height>450</height>
    <depth>3</depth>
  </size>
  <segmented>0</segmented>
  <object>
    <name>text</name>
    <pose>Unspecified</pose>
    <truncated>0</truncated>
    <difficult>0</difficult>
    <bndbox>
      <xmin>165</xmin>
      <ymin>150</ymin>
      <xmax>531</xmax>
      <ymax>233</ymax>
    </bndbox>
  </object>
  <object>
    <name>S</name>
    <pose>Unspecified</pose>
    <truncated>0</truncated>
    <difficult>0</difficult>
    <bndbox>
      <xmin>181</xmin>
      <ymin>162</ymin>
      <xmax>230</xmax>
      <ymax>235</ymax>
    </bndbox>
  </object>
  <object>
    <name>A</name>
    <pose>Unspecified</pose>
    <truncated>0</truncated>
    <difficult>0</difficult>
    <bndbox>
      <xmin>227</xmin>
      <ymin>165</ymin>
      <xmax>262</xmax>
      <ymax>231</ymax>
    </bndbox>
  </object>
  <object>
    <name>N</name>
    <pose>Unspecified</pose>
    <truncated>0</truncated>
    <difficult>0</difficult>
    <bndbox>
      <xmin>265</xmin>
      <ymin>164</ymin>
      <xmax>297</xmax>
      <ymax>227</ymax>
    </bndbox>
  </object>
  <object>
    <name>C</name>
    <pose>Unspecified</pose>
    <truncated>0</truncated>
    <difficult>0</difficult>
    <bndbox>
      <xmin>296</xmin>
      <ymin>161</ymin>
      <xmax>334</xmax>
      <ymax>231</ymax>
    </bndbox>
  </object>
  <object>
    <name>T</name>
    <pose>Unspecified</pose>
    <truncated>0</truncated>
    <difficult>0</difficult>
    <bndbox>
      <xmin>335</xmin>
      <ymin>161</ymin>
      <xmax>378</xmax>
      <ymax>214</ymax>
    </bndbox>
  </object>
  <object>
    <name>U</name>
    <pose>Unspecified</pose>
    <truncated>0</truncated>
    <difficult>0</difficult>
    <bndbox>
      <xmin>376</xmin>
      <ymin>159</ymin>
      <xmax>418</xmax>
      <ymax>210</ymax>
    </bndbox>
  </object>
  <object>
    <name>A</name>
    <pose>Unspecified</pose>
    <truncated>0</truncated>
    <difficult>0</difficult>
    <bndbox>
      <xmin>410</xmin>
      <ymin>156</ymin>
      <xmax>454</xmax>
      <ymax>221</ymax>
    </bndbox>
  </object>
  <object>
    <name>R</name>
    <pose>Unspecified</pose>
    <truncated>0</truncated>
    <difficult>0</difficult>
    <bndbox>
      <xmin>449</xmin>
      <ymin>150</ymin>
      <xmax>487</xmax>
      <ymax>224</ymax>
    </bndbox>
  </object>
  <object>
    <name>Y</name>
    <pose>Unspecified</pose>
    <truncated>0</truncated>
    <difficult>0</difficult>
    <bndbox>
      <xmin>477</xmin>
      <ymin>152</ymin>
      <xmax>527</xmax>
      <ymax>229</ymax>
    </bndbox>
  </object>
</annotation>
