<annotation>
  <folder>positive_images</folder>
  <filename>8.peace-graffiti-samir-hanusa.jpg</filename>
  <path>/Users/uma/Documents/cmpe_257_assignment/data_training_assignment/positive_images/8.peace-graffiti-samir-hanusa.jpg</path>
  <source>
    <database>Unknown</database>
  </source>
  <size>
    <width>492</width>
    <height>354</height>
    <depth>3</depth>
  </size>
  <segmented>0</segmented>
  <object>
    <name>text</name>
    <pose>Unspecified</pose>
    <truncated>0</truncated>
    <difficult>0</difficult>
    <bndbox>
      <xmin>19</xmin>
      <ymin>23</ymin>
      <xmax>460</xmax>
      <ymax>275</ymax>
    </bndbox>
  </object>
  <object>
    <name>P</name>
    <pose>Unspecified</pose>
    <truncated>0</truncated>
    <difficult>0</difficult>
    <bndbox>
      <xmin>25</xmin>
      <ymin>39</ymin>
      <xmax>124</xmax>
      <ymax>198</ymax>
    </bndbox>
  </object>
  <object>
    <name>E</name>
    <pose>Unspecified</pose>
    <truncated>0</truncated>
    <difficult>0</difficult>
    <bndbox>
      <xmin>117</xmin>
      <ymin>47</ymin>
      <xmax>242</xmax>
      <ymax>260</ymax>
    </bndbox>
  </object>
  <object>
    <name>A</name>
    <pose>Unspecified</pose>
    <truncated>0</truncated>
    <difficult>0</difficult>
    <bndbox>
      <xmin>238</xmin>
      <ymin>53</ymin>
      <xmax>336</xmax>
      <ymax>261</ymax>
    </bndbox>
  </object>
  <object>
    <name>C</name>
    <pose>Unspecified</pose>
    <truncated>0</truncated>
    <difficult>0</difficult>
    <bndbox>
      <xmin>297</xmin>
      <ymin>54</ymin>
      <xmax>391</xmax>
      <ymax>215</ymax>
    </bndbox>
  </object>
  <object>
    <name>E</name>
    <pose>Unspecified</pose>
    <truncated>0</truncated>
    <difficult>0</difficult>
    <bndbox>
      <xmin>378</xmin>
      <ymin>38</ymin>
      <xmax>456</xmax>
      <ymax>194</ymax>
    </bndbox>
  </object>
</annotation>
