<annotation>
	<folder>positive_images</folder>
	<filename>83.481c006a44b0e2c49dd6a12572134a83.jpg</filename>
	<path>/Users/uma/Documents/cmpe_257_assignment/data_training_assignment/positive_images/83.481c006a44b0e2c49dd6a12572134a83.jpg</path>
	<source>
		<database>Unknown</database>
	</source>
	<size>
		<width>500</width>
		<height>500</height>
		<depth>3</depth>
	</size>
	<segmented>0</segmented>
	<object>
		<name>text</name>
		<pose>Unspecified</pose>
		<truncated>0</truncated>
		<difficult>0</difficult>
		<bndbox>
			<xmin>247</xmin>
			<ymin>58</ymin>
			<xmax>493</xmax>
			<ymax>209</ymax>
		</bndbox>
	</object>
	<object>
		<name>"</name>
		<pose>Unspecified</pose>
		<truncated>0</truncated>
		<difficult>0</difficult>
		<bndbox>
			<xmin>243</xmin>
			<ymin>61</ymin>
			<xmax>267</xmax>
			<ymax>90</ymax>
		</bndbox>
	</object>
	<object>
		<name>U</name>
		<pose>Unspecified</pose>
		<truncated>0</truncated>
		<difficult>0</difficult>
		<bndbox>
			<xmin>266</xmin>
			<ymin>65</ymin>
			<xmax>297</xmax>
			<ymax>104</ymax>
		</bndbox>
	</object>
	<object>
		<name>-</name>
		<pose>Unspecified</pose>
		<truncated>0</truncated>
		<difficult>0</difficult>
		<bndbox>
			<xmin>300</xmin>
			<ymin>81</ymin>
			<xmax>325</xmax>
			<ymax>106</ymax>
		</bndbox>
	</object>
	<object>
		<name>S</name>
		<pose>Unspecified</pose>
		<truncated>0</truncated>
		<difficult>0</difficult>
		<bndbox>
			<xmin>328</xmin>
			<ymin>70</ymin>
			<xmax>362</xmax>
			<ymax>114</ymax>
		</bndbox>
	</object>
	<object>
		<name>-</name>
		<pose>Unspecified</pose>
		<truncated>0</truncated>
		<difficult>0</difficult>
		<bndbox>
			<xmin>363</xmin>
			<ymin>91</ymin>
			<xmax>388</xmax>
			<ymax>114</ymax>
		</bndbox>
	</object>
	<object>
		<name>A</name>
		<pose>Unspecified</pose>
		<truncated>0</truncated>
		<difficult>0</difficult>
		<bndbox>
			<xmin>389</xmin>
			<ymin>84</ymin>
			<xmax>423</xmax>
			<ymax>129</ymax>
		</bndbox>
	</object>
	<object>
		<name>!</name>
		<pose>Unspecified</pose>
		<truncated>0</truncated>
		<difficult>0</difficult>
		<bndbox>
			<xmin>418</xmin>
			<ymin>87</ymin>
			<xmax>436</xmax>
			<ymax>131</ymax>
		</bndbox>
	</object>
	<object>
		<name>U</name>
		<pose>Unspecified</pose>
		<truncated>0</truncated>
		<difficult>0</difficult>
		<bndbox>
			<xmin>284</xmin>
			<ymin>109</ymin>
			<xmax>316</xmax>
			<ymax>145</ymax>
		</bndbox>
	</object>
	<object>
		<name>-</name>
		<pose>Unspecified</pose>
		<truncated>0</truncated>
		<difficult>0</difficult>
		<bndbox>
			<xmin>316</xmin>
			<ymin>121</ymin>
			<xmax>339</xmax>
			<ymax>145</ymax>
		</bndbox>
	</object>
	<object>
		<name>S</name>
		<pose>Unspecified</pose>
		<truncated>0</truncated>
		<difficult>0</difficult>
		<bndbox>
			<xmin>347</xmin>
			<ymin>112</ymin>
			<xmax>381</xmax>
			<ymax>159</ymax>
		</bndbox>
	</object>
	<object>
		<name>-</name>
		<pose>Unspecified</pose>
		<truncated>0</truncated>
		<difficult>0</difficult>
		<bndbox>
			<xmin>380</xmin>
			<ymin>133</ymin>
			<xmax>404</xmax>
			<ymax>150</ymax>
		</bndbox>
	</object>
	<object>
		<name>A</name>
		<pose>Unspecified</pose>
		<truncated>0</truncated>
		<difficult>0</difficult>
		<bndbox>
			<xmin>406</xmin>
			<ymin>124</ymin>
			<xmax>438</xmax>
			<ymax>165</ymax>
		</bndbox>
	</object>
	<object>
		<name>!</name>
		<pose>Unspecified</pose>
		<truncated>0</truncated>
		<difficult>0</difficult>
		<bndbox>
			<xmin>433</xmin>
			<ymin>125</ymin>
			<xmax>454</xmax>
			<ymax>164</ymax>
		</bndbox>
	</object>
	<object>
		<name>U</name>
		<pose>Unspecified</pose>
		<truncated>0</truncated>
		<difficult>0</difficult>
		<bndbox>
			<xmin>300</xmin>
			<ymin>145</ymin>
			<xmax>335</xmax>
			<ymax>187</ymax>
		</bndbox>
	</object>
	<object>
		<name>-</name>
		<pose>Unspecified</pose>
		<truncated>0</truncated>
		<difficult>0</difficult>
		<bndbox>
			<xmin>334</xmin>
			<ymin>161</ymin>
			<xmax>361</xmax>
			<ymax>184</ymax>
		</bndbox>
	</object>
	<object>
		<name>S</name>
		<pose>Unspecified</pose>
		<truncated>0</truncated>
		<difficult>0</difficult>
		<bndbox>
			<xmin>360</xmin>
			<ymin>153</ymin>
			<xmax>400</xmax>
			<ymax>195</ymax>
		</bndbox>
	</object>
	<object>
		<name>-</name>
		<pose>Unspecified</pose>
		<truncated>0</truncated>
		<difficult>0</difficult>
		<bndbox>
			<xmin>400</xmin>
			<ymin>170</ymin>
			<xmax>422</xmax>
			<ymax>191</ymax>
		</bndbox>
	</object>
	<object>
		<name>A</name>
		<pose>Unspecified</pose>
		<truncated>0</truncated>
		<difficult>0</difficult>
		<bndbox>
			<xmin>423</xmin>
			<ymin>160</ymin>
			<xmax>455</xmax>
			<ymax>207</ymax>
		</bndbox>
	</object>
	<object>
		<name>!</name>
		<pose>Unspecified</pose>
		<truncated>0</truncated>
		<difficult>0</difficult>
		<bndbox>
			<xmin>453</xmin>
			<ymin>168</ymin>
			<xmax>470</xmax>
			<ymax>208</ymax>
		</bndbox>
	</object>
	<object>
		<name>"</name>
		<pose>Unspecified</pose>
		<truncated>0</truncated>
		<difficult>0</difficult>
		<bndbox>
			<xmin>468</xmin>
			<ymin>168</ymin>
			<xmax>489</xmax>
			<ymax>190</ymax>
		</bndbox>
	</object>
</annotation>
