<annotation>
  <folder>positive_images</folder>
  <filename>83.imgbin-drawing-graffiti-art-music-graffiti-uuhfaVid7DgtZj5mArFY36q7z.jpg</filename>
  <path>/Users/uma/Documents/cmpe_257_assignment/data_training_assignment/positive_images/83.imgbin-drawing-graffiti-art-music-graffiti-uuhfaVid7DgtZj5mArFY36q7z.jpg</path>
  <source>
    <database>Unknown</database>
  </source>
  <size>
    <width>728</width>
    <height>724</height>
    <depth>3</depth>
  </size>
  <segmented>0</segmented>
  <object>
    <name>text</name>
    <pose>Unspecified</pose>
    <truncated>0</truncated>
    <difficult>0</difficult>
    <bndbox>
      <xmin>20</xmin>
      <ymin>95</ymin>
      <xmax>728</xmax>
      <ymax>554</ymax>
    </bndbox>
  </object>
  <object>
    <name>Y</name>
    <pose>Unspecified</pose>
    <truncated>0</truncated>
    <difficult>0</difficult>
    <bndbox>
      <xmin>29</xmin>
      <ymin>107</ymin>
      <xmax>249</xmax>
      <ymax>534</ymax>
    </bndbox>
  </object>
  <object>
    <name>O</name>
    <pose>Unspecified</pose>
    <truncated>0</truncated>
    <difficult>0</difficult>
    <bndbox>
      <xmin>211</xmin>
      <ymin>220</ymin>
      <xmax>427</xmax>
      <ymax>506</ymax>
    </bndbox>
  </object>
  <object>
    <name>L</name>
    <pose>Unspecified</pose>
    <truncated>0</truncated>
    <difficult>0</difficult>
    <bndbox>
      <xmin>361</xmin>
      <ymin>112</ymin>
      <xmax>558</xmax>
      <ymax>452</ymax>
    </bndbox>
  </object>
  <object>
    <name>O</name>
    <pose>Unspecified</pose>
    <truncated>0</truncated>
    <difficult>0</difficult>
    <bndbox>
      <xmin>505</xmin>
      <ymin>101</ymin>
      <xmax>720</xmax>
      <ymax>351</ymax>
    </bndbox>
  </object>
</annotation>
