<annotation>
  <folder>positive_images</folder>
  <filename>85.anti-war-1772909_1280.jpg</filename>
  <path>/Users/uma/Documents/cmpe_257_assignment/data_training_assignment/positive_images/85.anti-war-1772909_1280.jpg</path>
  <source>
    <database>Unknown</database>
  </source>
  <size>
    <width>768</width>
    <height>432</height>
    <depth>3</depth>
  </size>
  <segmented>0</segmented>
  <object>
    <name>text</name>
    <pose>Unspecified</pose>
    <truncated>0</truncated>
    <difficult>0</difficult>
    <bndbox>
      <xmin>223</xmin>
      <ymin>103</ymin>
      <xmax>525</xmax>
      <ymax>346</ymax>
    </bndbox>
  </object>
  <object>
    <name>S</name>
    <pose>Unspecified</pose>
    <truncated>0</truncated>
    <difficult>0</difficult>
    <bndbox>
      <xmin>233</xmin>
      <ymin>111</ymin>
      <xmax>321</xmax>
      <ymax>229</ymax>
    </bndbox>
  </object>
  <object>
    <name>t</name>
    <pose>Unspecified</pose>
    <truncated>0</truncated>
    <difficult>0</difficult>
    <bndbox>
      <xmin>316</xmin>
      <ymin>123</ymin>
      <xmax>357</xmax>
      <ymax>225</ymax>
    </bndbox>
  </object>
  <object>
    <name>o</name>
    <pose>Unspecified</pose>
    <truncated>0</truncated>
    <difficult>0</difficult>
    <bndbox>
      <xmin>337</xmin>
      <ymin>155</ymin>
      <xmax>387</xmax>
      <ymax>212</ymax>
    </bndbox>
  </object>
  <object>
    <name>P</name>
    <pose>Unspecified</pose>
    <truncated>0</truncated>
    <difficult>0</difficult>
    <bndbox>
      <xmin>377</xmin>
      <ymin>122</ymin>
      <xmax>447</xmax>
      <ymax>213</ymax>
    </bndbox>
  </object>
  <object>
    <name>W</name>
    <pose>Unspecified</pose>
    <truncated>0</truncated>
    <difficult>0</difficult>
    <bndbox>
      <xmin>256</xmin>
      <ymin>224</ymin>
      <xmax>361</xmax>
      <ymax>309</ymax>
    </bndbox>
  </object>
  <object>
    <name>A</name>
    <pose>Unspecified</pose>
    <truncated>0</truncated>
    <difficult>0</difficult>
    <bndbox>
      <xmin>347</xmin>
      <ymin>225</ymin>
      <xmax>391</xmax>
      <ymax>308</ymax>
    </bndbox>
  </object>
  <object>
    <name>R</name>
    <pose>Unspecified</pose>
    <truncated>0</truncated>
    <difficult>0</difficult>
    <bndbox>
      <xmin>392</xmin>
      <ymin>202</ymin>
      <xmax>448</xmax>
      <ymax>307</ymax>
    </bndbox>
  </object>
  <object>
    <name>S</name>
    <pose>Unspecified</pose>
    <truncated>0</truncated>
    <difficult>0</difficult>
    <bndbox>
      <xmin>442</xmin>
      <ymin>188</ymin>
      <xmax>514</xmax>
      <ymax>330</ymax>
    </bndbox>
  </object>
</annotation>
