<annotation>
  <folder>positive_images</folder>
  <filename>86.911-truth-graffiti-on-a-highway-bridge.jpg</filename>
  <path>/Users/uma/Documents/cmpe_257_assignment/data_training_assignment/positive_images/86.911-truth-graffiti-on-a-highway-bridge.jpg</path>
  <source>
    <database>Unknown</database>
  </source>
  <size>
    <width>800</width>
    <height>577</height>
    <depth>3</depth>
  </size>
  <segmented>0</segmented>
  <object>
    <name>text</name>
    <pose>Unspecified</pose>
    <truncated>0</truncated>
    <difficult>0</difficult>
    <bndbox>
      <xmin>254</xmin>
      <ymin>118</ymin>
      <xmax>634</xmax>
      <ymax>225</ymax>
    </bndbox>
  </object>
  <object>
    <name>9</name>
    <pose>Unspecified</pose>
    <truncated>0</truncated>
    <difficult>0</difficult>
    <bndbox>
      <xmin>257</xmin>
      <ymin>119</ymin>
      <xmax>306</xmax>
      <ymax>207</ymax>
    </bndbox>
  </object>
  <object>
    <name>/</name>
    <pose>Unspecified</pose>
    <truncated>0</truncated>
    <difficult>0</difficult>
    <bndbox>
      <xmin>290</xmin>
      <ymin>122</ymin>
      <xmax>324</xmax>
      <ymax>217</ymax>
    </bndbox>
  </object>
  <object>
    <name>1</name>
    <pose>Unspecified</pose>
    <truncated>0</truncated>
    <difficult>0</difficult>
    <bndbox>
      <xmin>316</xmin>
      <ymin>125</ymin>
      <xmax>345</xmax>
      <ymax>217</ymax>
    </bndbox>
  </object>
  <object>
    <name>1</name>
    <pose>Unspecified</pose>
    <truncated>0</truncated>
    <difficult>0</difficult>
    <bndbox>
      <xmin>340</xmin>
      <ymin>123</ymin>
      <xmax>375</xmax>
      <ymax>220</ymax>
    </bndbox>
  </object>
  <object>
    <name>T</name>
    <pose>Unspecified</pose>
    <truncated>0</truncated>
    <difficult>0</difficult>
    <bndbox>
      <xmin>398</xmin>
      <ymin>129</ymin>
      <xmax>448</xmax>
      <ymax>217</ymax>
    </bndbox>
  </object>
  <object>
    <name>R</name>
    <pose>Unspecified</pose>
    <truncated>0</truncated>
    <difficult>0</difficult>
    <bndbox>
      <xmin>439</xmin>
      <ymin>125</ymin>
      <xmax>484</xmax>
      <ymax>219</ymax>
    </bndbox>
  </object>
  <object>
    <name>U</name>
    <pose>Unspecified</pose>
    <truncated>0</truncated>
    <difficult>0</difficult>
    <bndbox>
      <xmin>477</xmin>
      <ymin>129</ymin>
      <xmax>524</xmax>
      <ymax>219</ymax>
    </bndbox>
  </object>
  <object>
    <name>T</name>
    <pose>Unspecified</pose>
    <truncated>0</truncated>
    <difficult>0</difficult>
    <bndbox>
      <xmin>515</xmin>
      <ymin>131</ymin>
      <xmax>562</xmax>
      <ymax>225</ymax>
    </bndbox>
  </object>
  <object>
    <name>H</name>
    <pose>Unspecified</pose>
    <truncated>0</truncated>
    <difficult>0</difficult>
    <bndbox>
      <xmin>554</xmin>
      <ymin>133</ymin>
      <xmax>596</xmax>
      <ymax>227</ymax>
    </bndbox>
  </object>
  <object>
    <name>!</name>
    <pose>Unspecified</pose>
    <truncated>0</truncated>
    <difficult>0</difficult>
    <bndbox>
      <xmin>589</xmin>
      <ymin>139</ymin>
      <xmax>619</xmax>
      <ymax>227</ymax>
    </bndbox>
  </object>
</annotation>
