<annotation>
	<folder>positive_images</folder>
	<filename>86.Derick+USA+Graffiti+Stars+and+Stripes+Wall+Decal.jpg</filename>
	<path>/Users/uma/Documents/cmpe_257_assignment/data_training_assignment/positive_images/86.Derick+USA+Graffiti+Stars+and+Stripes+Wall+Decal.jpg</path>
	<source>
		<database>Unknown</database>
	</source>
	<size>
		<width>337</width>
		<height>343</height>
		<depth>3</depth>
	</size>
	<segmented>0</segmented>
	<object>
		<name>text</name>
		<pose>Unspecified</pose>
		<truncated>0</truncated>
		<difficult>0</difficult>
		<bndbox>
			<xmin>67</xmin>
			<ymin>118</ymin>
			<xmax>288</xmax>
			<ymax>241</ymax>
		</bndbox>
	</object>
	<object>
		<name>U</name>
		<pose>Unspecified</pose>
		<truncated>0</truncated>
		<difficult>0</difficult>
		<bndbox>
			<xmin>75</xmin>
			<ymin>119</ymin>
			<xmax>147</xmax>
			<ymax>230</ymax>
		</bndbox>
	</object>
	<object>
		<name>S</name>
		<pose>Unspecified</pose>
		<truncated>0</truncated>
		<difficult>0</difficult>
		<bndbox>
			<xmin>140</xmin>
			<ymin>125</ymin>
			<xmax>198</xmax>
			<ymax>228</ymax>
		</bndbox>
	</object>
	<object>
		<name>A</name>
		<pose>Unspecified</pose>
		<truncated>0</truncated>
		<difficult>0</difficult>
		<bndbox>
			<xmin>199</xmin>
			<ymin>130</ymin>
			<xmax>250</xmax>
			<ymax>234</ymax>
		</bndbox>
	</object>
</annotation>
