<annotation>
  <folder>positive_images</folder>
  <filename>88.gallery_hero_il_fullxfull.1324976572_1ygg.jpg</filename>
  <path>/Users/uma/Documents/cmpe_257_assignment/data_training_assignment/positive_images/88.gallery_hero_il_fullxfull.1324976572_1ygg.jpg</path>
  <source>
    <database>Unknown</database>
  </source>
  <size>
    <width>690</width>
    <height>622</height>
    <depth>3</depth>
  </size>
  <segmented>0</segmented>
  <object>
    <name>text</name>
    <pose>Unspecified</pose>
    <truncated>0</truncated>
    <difficult>0</difficult>
    <bndbox>
      <xmin>183</xmin>
      <ymin>107</ymin>
      <xmax>540</xmax>
      <ymax>250</ymax>
    </bndbox>
  </object>
  <object>
    <name>A</name>
    <pose>Unspecified</pose>
    <truncated>0</truncated>
    <difficult>0</difficult>
    <bndbox>
      <xmin>186</xmin>
      <ymin>127</ymin>
      <xmax>254</xmax>
      <ymax>230</ymax>
    </bndbox>
  </object>
  <object>
    <name>B</name>
    <pose>Unspecified</pose>
    <truncated>0</truncated>
    <difficult>0</difficult>
    <bndbox>
      <xmin>257</xmin>
      <ymin>126</ymin>
      <xmax>335</xmax>
      <ymax>233</ymax>
    </bndbox>
  </object>
  <object>
    <name>B</name>
    <pose>Unspecified</pose>
    <truncated>0</truncated>
    <difficult>0</difficult>
    <bndbox>
      <xmin>333</xmin>
      <ymin>122</ymin>
      <xmax>403</xmax>
      <ymax>231</ymax>
    </bndbox>
  </object>
  <object>
    <name>I</name>
    <pose>Unspecified</pose>
    <truncated>0</truncated>
    <difficult>0</difficult>
    <bndbox>
      <xmin>387</xmin>
      <ymin>147</ymin>
      <xmax>430</xmax>
      <ymax>227</ymax>
    </bndbox>
  </object>
  <object>
    <name>E</name>
    <pose>Unspecified</pose>
    <truncated>0</truncated>
    <difficult>0</difficult>
    <bndbox>
      <xmin>425</xmin>
      <ymin>124</ymin>
      <xmax>531</xmax>
      <ymax>231</ymax>
    </bndbox>
  </object>
</annotation>
