<annotation>
  <folder>positive_images</folder>
  <filename>89.R-11347956-1514683696-2216.jpg</filename>
  <path>/Users/uma/Documents/cmpe_257_assignment/data_training_assignment/positive_images/89.R-11347956-1514683696-2216.jpg</path>
  <source>
    <database>Unknown</database>
  </source>
  <size>
    <width>445</width>
    <height>350</height>
    <depth>3</depth>
  </size>
  <segmented>0</segmented>
  <object>
    <name>text</name>
    <pose>Unspecified</pose>
    <truncated>0</truncated>
    <difficult>0</difficult>
    <bndbox>
      <xmin>34</xmin>
      <ymin>253</ymin>
      <xmax>426</xmax>
      <ymax>328</ymax>
    </bndbox>
  </object>
  <object>
    <name>G</name>
    <pose>Unspecified</pose>
    <truncated>0</truncated>
    <difficult>0</difficult>
    <bndbox>
      <xmin>36</xmin>
      <ymin>255</ymin>
      <xmax>82</xmax>
      <ymax>291</ymax>
    </bndbox>
  </object>
  <object>
    <name>a</name>
    <pose>Unspecified</pose>
    <truncated>0</truncated>
    <difficult>0</difficult>
    <bndbox>
      <xmin>80</xmin>
      <ymin>265</ymin>
      <xmax>121</xmax>
      <ymax>291</ymax>
    </bndbox>
  </object>
  <object>
    <name>m</name>
    <pose>Unspecified</pose>
    <truncated>0</truncated>
    <difficult>0</difficult>
    <bndbox>
      <xmin>121</xmin>
      <ymin>265</ymin>
      <xmax>182</xmax>
      <ymax>292</ymax>
    </bndbox>
  </object>
  <object>
    <name>e</name>
    <pose>Unspecified</pose>
    <truncated>0</truncated>
    <difficult>0</difficult>
    <bndbox>
      <xmin>180</xmin>
      <ymin>260</ymin>
      <xmax>221</xmax>
      <ymax>293</ymax>
    </bndbox>
  </object>
  <object>
    <name>M</name>
    <pose>Unspecified</pose>
    <truncated>0</truncated>
    <difficult>0</difficult>
    <bndbox>
      <xmin>226</xmin>
      <ymin>255</ymin>
      <xmax>301</xmax>
      <ymax>291</ymax>
    </bndbox>
  </object>
  <object>
    <name>u</name>
    <pose>Unspecified</pose>
    <truncated>0</truncated>
    <difficult>0</difficult>
    <bndbox>
      <xmin>297</xmin>
      <ymin>260</ymin>
      <xmax>337</xmax>
      <ymax>292</ymax>
    </bndbox>
  </object>
  <object>
    <name>s</name>
    <pose>Unspecified</pose>
    <truncated>0</truncated>
    <difficult>0</difficult>
    <bndbox>
      <xmin>337</xmin>
      <ymin>262</ymin>
      <xmax>363</xmax>
      <ymax>286</ymax>
    </bndbox>
  </object>
  <object>
    <name>i</name>
    <pose>Unspecified</pose>
    <truncated>0</truncated>
    <difficult>0</difficult>
    <bndbox>
      <xmin>363</xmin>
      <ymin>254</ymin>
      <xmax>380</xmax>
      <ymax>293</ymax>
    </bndbox>
  </object>
  <object>
    <name>c</name>
    <pose>Unspecified</pose>
    <truncated>0</truncated>
    <difficult>0</difficult>
    <bndbox>
      <xmin>377</xmin>
      <ymin>259</ymin>
      <xmax>416</xmax>
      <ymax>289</ymax>
    </bndbox>
  </object>
  <object>
    <name>G</name>
    <pose>Unspecified</pose>
    <truncated>0</truncated>
    <difficult>0</difficult>
    <bndbox>
      <xmin>35</xmin>
      <ymin>293</ymin>
      <xmax>83</xmax>
      <ymax>329</ymax>
    </bndbox>
  </object>
  <object>
    <name>r</name>
    <pose>Unspecified</pose>
    <truncated>0</truncated>
    <difficult>0</difficult>
    <bndbox>
      <xmin>101</xmin>
      <ymin>297</ymin>
      <xmax>128</xmax>
      <ymax>324</ymax>
    </bndbox>
  </object>
  <object>
    <name>a</name>
    <pose>Unspecified</pose>
    <truncated>0</truncated>
    <difficult>0</difficult>
    <bndbox>
      <xmin>148</xmin>
      <ymin>300</ymin>
      <xmax>192</xmax>
      <ymax>325</ymax>
    </bndbox>
  </object>
  <object>
    <name>f</name>
    <pose>Unspecified</pose>
    <truncated>0</truncated>
    <difficult>0</difficult>
    <bndbox>
      <xmin>209</xmin>
      <ymin>286</ymin>
      <xmax>238</xmax>
      <ymax>326</ymax>
    </bndbox>
  </object>
  <object>
    <name>f</name>
    <pose>Unspecified</pose>
    <truncated>0</truncated>
    <difficult>0</difficult>
    <bndbox>
      <xmin>257</xmin>
      <ymin>290</ymin>
      <xmax>284</xmax>
      <ymax>325</ymax>
    </bndbox>
  </object>
  <object>
    <name>i</name>
    <pose>Unspecified</pose>
    <truncated>0</truncated>
    <difficult>0</difficult>
    <bndbox>
      <xmin>300</xmin>
      <ymin>287</ymin>
      <xmax>332</xmax>
      <ymax>324</ymax>
    </bndbox>
  </object>
  <object>
    <name>t</name>
    <pose>Unspecified</pose>
    <truncated>0</truncated>
    <difficult>0</difficult>
    <bndbox>
      <xmin>343</xmin>
      <ymin>290</ymin>
      <xmax>371</xmax>
      <ymax>325</ymax>
    </bndbox>
  </object>
  <object>
    <name>i</name>
    <pose>Unspecified</pose>
    <truncated>0</truncated>
    <difficult>0</difficult>
    <bndbox>
      <xmin>388</xmin>
      <ymin>289</ymin>
      <xmax>416</xmax>
      <ymax>321</ymax>
    </bndbox>
  </object>
</annotation>
