<annotation>
	<folder>positive_images</folder>
	<filename>90.eden_school_art_435aa6ad-9eb2-4315-a34e-4be3e4e02a15_1024x1024.jpg</filename>
	<path>/Users/uma/Documents/cmpe_257_assignment/data_training_assignment/positive_images/90.eden_school_art_435aa6ad-9eb2-4315-a34e-4be3e4e02a15_1024x1024.jpg</path>
	<source>
		<database>Unknown</database>
	</source>
	<size>
		<width>1024</width>
		<height>718</height>
		<depth>3</depth>
	</size>
	<segmented>0</segmented>
	<object>
		<name>text</name>
		<pose>Unspecified</pose>
		<truncated>0</truncated>
		<difficult>0</difficult>
		<bndbox>
			<xmin>211</xmin>
			<ymin>130</ymin>
			<xmax>900</xmax>
			<ymax>585</ymax>
		</bndbox>
	</object>
	<object>
		<name>A</name>
		<pose>Unspecified</pose>
		<truncated>0</truncated>
		<difficult>0</difficult>
		<bndbox>
			<xmin>234</xmin>
			<ymin>131</ymin>
			<xmax>496</xmax>
			<ymax>615</ymax>
		</bndbox>
	</object>
	<object>
		<name>R</name>
		<pose>Unspecified</pose>
		<truncated>0</truncated>
		<difficult>0</difficult>
		<bndbox>
			<xmin>455</xmin>
			<ymin>101</ymin>
			<xmax>738</xmax>
			<ymax>575</ymax>
		</bndbox>
	</object>
	<object>
		<name>T</name>
		<pose>Unspecified</pose>
		<truncated>0</truncated>
		<difficult>0</difficult>
		<bndbox>
			<xmin>689</xmin>
			<ymin>176</ymin>
			<xmax>914</xmax>
			<ymax>552</ymax>
		</bndbox>
	</object>
</annotation>
