<annotation>
  <folder>positive_images</folder>
  <filename>91.D20p0vPWwAEx1aO.jpg</filename>
  <path>/Users/uma/Documents/cmpe_257_assignment/data_training_assignment/positive_images/91.D20p0vPWwAEx1aO.jpg</path>
  <source>
    <database>Unknown</database>
  </source>
  <size>
    <width>1200</width>
    <height>900</height>
    <depth>3</depth>
  </size>
  <segmented>0</segmented>
  <object>
    <name>text</name>
    <pose>Unspecified</pose>
    <truncated>0</truncated>
    <difficult>0</difficult>
    <bndbox>
      <xmin>83</xmin>
      <ymin>125</ymin>
      <xmax>1186</xmax>
      <ymax>758</ymax>
    </bndbox>
  </object>
  <object>
    <name>J</name>
    <pose>Unspecified</pose>
    <truncated>0</truncated>
    <difficult>0</difficult>
    <bndbox>
      <xmin>79</xmin>
      <ymin>133</ymin>
      <xmax>263</xmax>
      <ymax>382</ymax>
    </bndbox>
  </object>
  <object>
    <name>E</name>
    <pose>Unspecified</pose>
    <truncated>0</truncated>
    <difficult>0</difficult>
    <bndbox>
      <xmin>251</xmin>
      <ymin>128</ymin>
      <xmax>414</xmax>
      <ymax>406</ymax>
    </bndbox>
  </object>
  <object>
    <name>S</name>
    <pose>Unspecified</pose>
    <truncated>0</truncated>
    <difficult>0</difficult>
    <bndbox>
      <xmin>379</xmin>
      <ymin>126</ymin>
      <xmax>583</xmax>
      <ymax>417</ymax>
    </bndbox>
  </object>
  <object>
    <name>U</name>
    <pose>Unspecified</pose>
    <truncated>0</truncated>
    <difficult>0</difficult>
    <bndbox>
      <xmin>568</xmin>
      <ymin>133</ymin>
      <xmax>761</xmax>
      <ymax>410</ymax>
    </bndbox>
  </object>
  <object>
    <name>S</name>
    <pose>Unspecified</pose>
    <truncated>0</truncated>
    <difficult>0</difficult>
    <bndbox>
      <xmin>758</xmin>
      <ymin>126</ymin>
      <xmax>976</xmax>
      <ymax>432</ymax>
    </bndbox>
  </object>
  <object>
    <name>S</name>
    <pose>Unspecified</pose>
    <truncated>0</truncated>
    <difficult>0</difficult>
    <bndbox>
      <xmin>68</xmin>
      <ymin>433</ymin>
      <xmax>254</xmax>
      <ymax>747</ymax>
    </bndbox>
  </object>
  <object>
    <name>A</name>
    <pose>Unspecified</pose>
    <truncated>0</truncated>
    <difficult>0</difficult>
    <bndbox>
      <xmin>246</xmin>
      <ymin>435</ymin>
      <xmax>458</xmax>
      <ymax>729</ymax>
    </bndbox>
  </object>
  <object>
    <name>U</name>
    <pose>Unspecified</pose>
    <truncated>0</truncated>
    <difficult>0</difficult>
    <bndbox>
      <xmin>430</xmin>
      <ymin>423</ymin>
      <xmax>624</xmax>
      <ymax>689</ymax>
    </bndbox>
  </object>
  <object>
    <name>V</name>
    <pose>Unspecified</pose>
    <truncated>0</truncated>
    <difficult>0</difficult>
    <bndbox>
      <xmin>621</xmin>
      <ymin>429</ymin>
      <xmax>816</xmax>
      <ymax>722</ymax>
    </bndbox>
  </object>
  <object>
    <name>E</name>
    <pose>Unspecified</pose>
    <truncated>0</truncated>
    <difficult>0</difficult>
    <bndbox>
      <xmin>816</xmin>
      <ymin>414</ymin>
      <xmax>1057</xmax>
      <ymax>701</ymax>
    </bndbox>
  </object>
  <object>
    <name>!</name>
    <pose>Unspecified</pose>
    <truncated>0</truncated>
    <difficult>0</difficult>
    <bndbox>
      <xmin>1029</xmin>
      <ymin>364</ymin>
      <xmax>1171</xmax>
      <ymax>733</ymax>
    </bndbox>
  </object>
</annotation>
