<annotation>
  <folder>positive_images</folder>
  <filename>93.4e803903afd653c628341146c72c86fc-music-is-my-drug-graffiti.jpg</filename>
  <path>/Users/uma/Documents/cmpe_257_assignment/data_training_assignment/positive_images/93.4e803903afd653c628341146c72c86fc-music-is-my-drug-graffiti.jpg</path>
  <source>
    <database>Unknown</database>
  </source>
  <size>
    <width>829</width>
    <height>570</height>
    <depth>3</depth>
  </size>
  <segmented>0</segmented>
  <object>
    <name>text</name>
    <pose>Unspecified</pose>
    <truncated>0</truncated>
    <difficult>0</difficult>
    <bndbox>
      <xmin>397</xmin>
      <ymin>145</ymin>
      <xmax>730</xmax>
      <ymax>429</ymax>
    </bndbox>
  </object>
  <object>
    <name>M</name>
    <pose>Unspecified</pose>
    <truncated>0</truncated>
    <difficult>0</difficult>
    <bndbox>
      <xmin>398</xmin>
      <ymin>157</ymin>
      <xmax>487</xmax>
      <ymax>276</ymax>
    </bndbox>
  </object>
  <object>
    <name>u</name>
    <pose>Unspecified</pose>
    <truncated>0</truncated>
    <difficult>0</difficult>
    <bndbox>
      <xmin>476</xmin>
      <ymin>178</ymin>
      <xmax>529</xmax>
      <ymax>236</ymax>
    </bndbox>
  </object>
  <object>
    <name>s</name>
    <pose>Unspecified</pose>
    <truncated>0</truncated>
    <difficult>0</difficult>
    <bndbox>
      <xmin>534</xmin>
      <ymin>160</ymin>
      <xmax>577</xmax>
      <ymax>234</ymax>
    </bndbox>
  </object>
  <object>
    <name>i</name>
    <pose>Unspecified</pose>
    <truncated>0</truncated>
    <difficult>0</difficult>
    <bndbox>
      <xmin>574</xmin>
      <ymin>164</ymin>
      <xmax>617</xmax>
      <ymax>227</ymax>
    </bndbox>
  </object>
  <object>
    <name>c</name>
    <pose>Unspecified</pose>
    <truncated>0</truncated>
    <difficult>0</difficult>
    <bndbox>
      <xmin>604</xmin>
      <ymin>150</ymin>
      <xmax>677</xmax>
      <ymax>216</ymax>
    </bndbox>
  </object>
  <object>
    <name>i</name>
    <pose>Unspecified</pose>
    <truncated>0</truncated>
    <difficult>0</difficult>
    <bndbox>
      <xmin>426</xmin>
      <ymin>280</ymin>
      <xmax>464</xmax>
      <ymax>349</ymax>
    </bndbox>
  </object>
  <object>
    <name>S</name>
    <pose>Unspecified</pose>
    <truncated>0</truncated>
    <difficult>0</difficult>
    <bndbox>
      <xmin>466</xmin>
      <ymin>268</ymin>
      <xmax>509</xmax>
      <ymax>349</ymax>
    </bndbox>
  </object>
  <object>
    <name>M</name>
    <pose>Unspecified</pose>
    <truncated>0</truncated>
    <difficult>0</difficult>
    <bndbox>
      <xmin>537</xmin>
      <ymin>254</ymin>
      <xmax>625</xmax>
      <ymax>323</ymax>
    </bndbox>
  </object>
  <object>
    <name>Y</name>
    <pose>Unspecified</pose>
    <truncated>0</truncated>
    <difficult>0</difficult>
    <bndbox>
      <xmin>616</xmin>
      <ymin>228</ymin>
      <xmax>680</xmax>
      <ymax>327</ymax>
    </bndbox>
  </object>
  <object>
    <name>D</name>
    <pose>Unspecified</pose>
    <truncated>0</truncated>
    <difficult>0</difficult>
    <bndbox>
      <xmin>411</xmin>
      <ymin>356</ymin>
      <xmax>486</xmax>
      <ymax>440</ymax>
    </bndbox>
  </object>
  <object>
    <name>R</name>
    <pose>Unspecified</pose>
    <truncated>0</truncated>
    <difficult>0</difficult>
    <bndbox>
      <xmin>483</xmin>
      <ymin>353</ymin>
      <xmax>580</xmax>
      <ymax>453</ymax>
    </bndbox>
  </object>
  <object>
    <name>U</name>
    <pose>Unspecified</pose>
    <truncated>0</truncated>
    <difficult>0</difficult>
    <bndbox>
      <xmin>582</xmin>
      <ymin>341</ymin>
      <xmax>649</xmax>
      <ymax>417</ymax>
    </bndbox>
  </object>
  <object>
    <name>G</name>
    <pose>Unspecified</pose>
    <truncated>0</truncated>
    <difficult>0</difficult>
    <bndbox>
      <xmin>639</xmin>
      <ymin>317</ymin>
      <xmax>718</xmax>
      <ymax>423</ymax>
    </bndbox>
  </object>
</annotation>
