<annotation>
  <folder>positive_images</folder>
  <filename>_DSC5147.jpg</filename>
  <path>/Users/uma/Documents/cmpe_257_assignment/data_training_assignment/positive_images/_DSC5147.jpg</path>
  <source>
    <database>Unknown</database>
  </source>
  <size>
    <width>1200</width>
    <height>908</height>
    <depth>3</depth>
  </size>
  <segmented>0</segmented>
  <object>
    <name>text</name>
    <pose>Unspecified</pose>
    <truncated>0</truncated>
    <difficult>0</difficult>
    <bndbox>
      <xmin>94</xmin>
      <ymin>121</ymin>
      <xmax>952</xmax>
      <ymax>785</ymax>
    </bndbox>
  </object>
  <object>
    <name>T</name>
    <pose>Unspecified</pose>
    <truncated>0</truncated>
    <difficult>0</difficult>
    <bndbox>
      <xmin>101</xmin>
      <ymin>128</ymin>
      <xmax>293</xmax>
      <ymax>411</ymax>
    </bndbox>
  </object>
  <object>
    <name>H</name>
    <pose>Unspecified</pose>
    <truncated>0</truncated>
    <difficult>0</difficult>
    <bndbox>
      <xmin>262</xmin>
      <ymin>141</ymin>
      <xmax>436</xmax>
      <ymax>363</ymax>
    </bndbox>
  </object>
  <object>
    <name>E</name>
    <pose>Unspecified</pose>
    <truncated>0</truncated>
    <difficult>0</difficult>
    <bndbox>
      <xmin>409</xmin>
      <ymin>127</ymin>
      <xmax>571</xmax>
      <ymax>314</ymax>
    </bndbox>
  </object>
  <object>
    <name>B</name>
    <pose>Unspecified</pose>
    <truncated>0</truncated>
    <difficult>0</difficult>
    <bndbox>
      <xmin>333</xmin>
      <ymin>335</ymin>
      <xmax>471</xmax>
      <ymax>522</ymax>
    </bndbox>
  </object>
  <object>
    <name>R</name>
    <pose>Unspecified</pose>
    <truncated>0</truncated>
    <difficult>0</difficult>
    <bndbox>
      <xmin>448</xmin>
      <ymin>312</ymin>
      <xmax>575</xmax>
      <ymax>508</ymax>
    </bndbox>
  </object>
  <object>
    <name>O</name>
    <pose>Unspecified</pose>
    <truncated>0</truncated>
    <difficult>0</difficult>
    <bndbox>
      <xmin>549</xmin>
      <ymin>288</ymin>
      <xmax>661</xmax>
      <ymax>461</ymax>
    </bndbox>
  </object>
  <object>
    <name>N</name>
    <pose>Unspecified</pose>
    <truncated>0</truncated>
    <difficult>0</difficult>
    <bndbox>
      <xmin>643</xmin>
      <ymin>236</ymin>
      <xmax>772</xmax>
      <ymax>419</ymax>
    </bndbox>
  </object>
  <object>
    <name>X</name>
    <pose>Unspecified</pose>
    <truncated>0</truncated>
    <difficult>0</difficult>
    <bndbox>
      <xmin>757</xmin>
      <ymin>192</ymin>
      <xmax>942</xmax>
      <ymax>444</ymax>
    </bndbox>
  </object>
  <object>
    <name>G</name>
    <pose>Unspecified</pose>
    <truncated>0</truncated>
    <difficult>0</difficult>
    <bndbox>
      <xmin>249</xmin>
      <ymin>521</ymin>
      <xmax>345</xmax>
      <ymax>621</ymax>
    </bndbox>
  </object>
  <object>
    <name>R</name>
    <pose>Unspecified</pose>
    <truncated>0</truncated>
    <difficult>0</difficult>
    <bndbox>
      <xmin>325</xmin>
      <ymin>540</ymin>
      <xmax>385</xmax>
      <ymax>614</ymax>
    </bndbox>
  </object>
  <object>
    <name>A</name>
    <pose>Unspecified</pose>
    <truncated>0</truncated>
    <difficult>0</difficult>
    <bndbox>
      <xmin>381</xmin>
      <ymin>544</ymin>
      <xmax>423</xmax>
      <ymax>626</ymax>
    </bndbox>
  </object>
  <object>
    <name>F</name>
    <pose>Unspecified</pose>
    <truncated>0</truncated>
    <difficult>0</difficult>
    <bndbox>
      <xmin>417</xmin>
      <ymin>545</ymin>
      <xmax>468</xmax>
      <ymax>623</ymax>
    </bndbox>
  </object>
  <object>
    <name>F</name>
    <pose>Unspecified</pose>
    <truncated>0</truncated>
    <difficult>0</difficult>
    <bndbox>
      <xmin>468</xmin>
      <ymin>544</ymin>
      <xmax>513</xmax>
      <ymax>623</ymax>
    </bndbox>
  </object>
  <object>
    <name>I</name>
    <pose>Unspecified</pose>
    <truncated>0</truncated>
    <difficult>0</difficult>
    <bndbox>
      <xmin>513</xmin>
      <ymin>537</ymin>
      <xmax>537</xmax>
      <ymax>626</ymax>
    </bndbox>
  </object>
  <object>
    <name>T</name>
    <pose>Unspecified</pose>
    <truncated>0</truncated>
    <difficult>0</difficult>
    <bndbox>
      <xmin>535</xmin>
      <ymin>528</ymin>
      <xmax>582</xmax>
      <ymax>622</ymax>
    </bndbox>
  </object>
  <object>
    <name>I</name>
    <pose>Unspecified</pose>
    <truncated>0</truncated>
    <difficult>0</difficult>
    <bndbox>
      <xmin>583</xmin>
      <ymin>539</ymin>
      <xmax>626</xmax>
      <ymax>628</ymax>
    </bndbox>
  </object>
  <object>
    <name>A</name>
    <pose>Unspecified</pose>
    <truncated>0</truncated>
    <difficult>0</difficult>
    <bndbox>
      <xmin>634</xmin>
      <ymin>528</ymin>
      <xmax>695</xmax>
      <ymax>628</ymax>
    </bndbox>
  </object>
  <object>
    <name>R</name>
    <pose>Unspecified</pose>
    <truncated>0</truncated>
    <difficult>0</difficult>
    <bndbox>
      <xmin>690</xmin>
      <ymin>517</ymin>
      <xmax>747</xmax>
      <ymax>620</ymax>
    </bndbox>
  </object>
  <object>
    <name>T</name>
    <pose>Unspecified</pose>
    <truncated>0</truncated>
    <difficult>0</difficult>
    <bndbox>
      <xmin>735</xmin>
      <ymin>525</ymin>
      <xmax>822</xmax>
      <ymax>628</ymax>
    </bndbox>
  </object>
  <object>
    <name>G</name>
    <pose>Unspecified</pose>
    <truncated>0</truncated>
    <difficult>0</difficult>
    <bndbox>
      <xmin>383</xmin>
      <ymin>634</ymin>
      <xmax>473</xmax>
      <ymax>764</ymax>
    </bndbox>
  </object>
  <object>
    <name>A</name>
    <pose>Unspecified</pose>
    <truncated>0</truncated>
    <difficult>0</difficult>
    <bndbox>
      <xmin>464</xmin>
      <ymin>636</ymin>
      <xmax>530</xmax>
      <ymax>764</ymax>
    </bndbox>
  </object>
  <object>
    <name>L</name>
    <pose>Unspecified</pose>
    <truncated>0</truncated>
    <difficult>0</difficult>
    <bndbox>
      <xmin>516</xmin>
      <ymin>636</ymin>
      <xmax>576</xmax>
      <ymax>761</ymax>
    </bndbox>
  </object>
  <object>
    <name>L</name>
    <pose>Unspecified</pose>
    <truncated>0</truncated>
    <difficult>0</difficult>
    <bndbox>
      <xmin>571</xmin>
      <ymin>635</ymin>
      <xmax>637</xmax>
      <ymax>755</ymax>
    </bndbox>
  </object>
  <object>
    <name>E</name>
    <pose>Unspecified</pose>
    <truncated>0</truncated>
    <difficult>0</difficult>
    <bndbox>
      <xmin>624</xmin>
      <ymin>635</ymin>
      <xmax>691</xmax>
      <ymax>772</ymax>
    </bndbox>
  </object>
  <object>
    <name>R</name>
    <pose>Unspecified</pose>
    <truncated>0</truncated>
    <difficult>0</difficult>
    <bndbox>
      <xmin>679</xmin>
      <ymin>632</ymin>
      <xmax>741</xmax>
      <ymax>769</ymax>
    </bndbox>
  </object>
  <object>
    <name>Y</name>
    <pose>Unspecified</pose>
    <truncated>0</truncated>
    <difficult>0</difficult>
    <bndbox>
      <xmin>735</xmin>
      <ymin>623</ymin>
      <xmax>826</xmax>
      <ymax>760</ymax>
    </bndbox>
  </object>
</annotation>
