<annotation>
  <folder>positive_images</folder>
  <filename>art_and_activities_graffiti_1-504x359.jpg</filename>
  <path>/Users/uma/Documents/cmpe_257_assignment/data_training_assignment/positive_images/art_and_activities_graffiti_1-504x359.jpg</path>
  <source>
    <database>Unknown</database>
  </source>
  <size>
    <width>504</width>
    <height>359</height>
    <depth>3</depth>
  </size>
  <segmented>0</segmented>
  <object>
    <name>text</name>
    <pose>Unspecified</pose>
    <truncated>0</truncated>
    <difficult>0</difficult>
    <bndbox>
      <xmin>14</xmin>
      <ymin>15</ymin>
      <xmax>497</xmax>
      <ymax>297</ymax>
    </bndbox>
  </object>
  <object>
    <name>D</name>
    <pose>Unspecified</pose>
    <truncated>0</truncated>
    <difficult>0</difficult>
    <bndbox>
      <xmin>12</xmin>
      <ymin>48</ymin>
      <xmax>164</xmax>
      <ymax>272</ymax>
    </bndbox>
  </object>
  <object>
    <name>R</name>
    <pose>Unspecified</pose>
    <truncated>0</truncated>
    <difficult>0</difficult>
    <bndbox>
      <xmin>148</xmin>
      <ymin>131</ymin>
      <xmax>240</xmax>
      <ymax>291</ymax>
    </bndbox>
  </object>
  <object>
    <name>E</name>
    <pose>Unspecified</pose>
    <truncated>0</truncated>
    <difficult>0</difficult>
    <bndbox>
      <xmin>218</xmin>
      <ymin>97</ymin>
      <xmax>330</xmax>
      <ymax>295</ymax>
    </bndbox>
  </object>
  <object>
    <name>A</name>
    <pose>Unspecified</pose>
    <truncated>0</truncated>
    <difficult>0</difficult>
    <bndbox>
      <xmin>323</xmin>
      <ymin>66</ymin>
      <xmax>393</xmax>
      <ymax>251</ymax>
    </bndbox>
  </object>
  <object>
    <name>M</name>
    <pose>Unspecified</pose>
    <truncated>0</truncated>
    <difficult>0</difficult>
    <bndbox>
      <xmin>375</xmin>
      <ymin>53</ymin>
      <xmax>503</xmax>
      <ymax>231</ymax>
    </bndbox>
  </object>
</annotation>
