<annotation>
  <folder>positive_images</folder>
  <filename>atoz2.jpg</filename>
  <path>/Users/uma/Documents/cmpe_257_assignment/data_training_assignment/positive_images/atoz2.jpg</path>
  <source>
    <database>Unknown</database>
  </source>
  <size>
    <width>1200</width>
    <height>800</height>
    <depth>3</depth>
  </size>
  <segmented>0</segmented>
  <object>
    <name>text</name>
    <pose>Unspecified</pose>
    <truncated>0</truncated>
    <difficult>0</difficult>
    <bndbox>
      <xmin>64</xmin>
      <ymin>72</ymin>
      <xmax>1200</xmax>
      <ymax>799</ymax>
    </bndbox>
  </object>
  <object>
    <name>A</name>
    <pose>Unspecified</pose>
    <truncated>0</truncated>
    <difficult>0</difficult>
    <bndbox>
      <xmin>146</xmin>
      <ymin>86</ymin>
      <xmax>301</xmax>
      <ymax>270</ymax>
    </bndbox>
  </object>
  <object>
    <name>L</name>
    <pose>Unspecified</pose>
    <truncated>0</truncated>
    <difficult>0</difficult>
    <bndbox>
      <xmin>291</xmin>
      <ymin>103</ymin>
      <xmax>396</xmax>
      <ymax>278</ymax>
    </bndbox>
  </object>
  <object>
    <name>P</name>
    <pose>Unspecified</pose>
    <truncated>0</truncated>
    <difficult>0</difficult>
    <bndbox>
      <xmin>385</xmin>
      <ymin>79</ymin>
      <xmax>496</xmax>
      <ymax>269</ymax>
    </bndbox>
  </object>
  <object>
    <name>H</name>
    <pose>Unspecified</pose>
    <truncated>0</truncated>
    <difficult>0</difficult>
    <bndbox>
      <xmin>477</xmin>
      <ymin>101</ymin>
      <xmax>598</xmax>
      <ymax>260</ymax>
    </bndbox>
  </object>
  <object>
    <name>A</name>
    <pose>Unspecified</pose>
    <truncated>0</truncated>
    <difficult>0</difficult>
    <bndbox>
      <xmin>599</xmin>
      <ymin>91</ymin>
      <xmax>738</xmax>
      <ymax>272</ymax>
    </bndbox>
  </object>
  <object>
    <name>B</name>
    <pose>Unspecified</pose>
    <truncated>0</truncated>
    <difficult>0</difficult>
    <bndbox>
      <xmin>730</xmin>
      <ymin>92</ymin>
      <xmax>852</xmax>
      <ymax>276</ymax>
    </bndbox>
  </object>
  <object>
    <name>e</name>
    <pose>Unspecified</pose>
    <truncated>0</truncated>
    <difficult>0</difficult>
    <bndbox>
      <xmin>833</xmin>
      <ymin>94</ymin>
      <xmax>961</xmax>
      <ymax>263</ymax>
    </bndbox>
  </object>
  <object>
    <name>T</name>
    <pose>Unspecified</pose>
    <truncated>0</truncated>
    <difficult>0</difficult>
    <bndbox>
      <xmin>942</xmin>
      <ymin>92</ymin>
      <xmax>1052</xmax>
      <ymax>285</ymax>
    </bndbox>
  </object>
  <object>
    <name>A</name>
    <pose>Unspecified</pose>
    <truncated>0</truncated>
    <difficult>0</difficult>
    <bndbox>
      <xmin>73</xmin>
      <ymin>320</ymin>
      <xmax>239</xmax>
      <ymax>529</ymax>
    </bndbox>
  </object>
  <object>
    <name>B</name>
    <pose>Unspecified</pose>
    <truncated>0</truncated>
    <difficult>0</difficult>
    <bndbox>
      <xmin>261</xmin>
      <ymin>329</ymin>
      <xmax>411</xmax>
      <ymax>536</ymax>
    </bndbox>
  </object>
  <object>
    <name>C</name>
    <pose>Unspecified</pose>
    <truncated>0</truncated>
    <difficult>0</difficult>
    <bndbox>
      <xmin>407</xmin>
      <ymin>326</ymin>
      <xmax>549</xmax>
      <ymax>525</ymax>
    </bndbox>
  </object>
  <object>
    <name>D</name>
    <pose>Unspecified</pose>
    <truncated>0</truncated>
    <difficult>0</difficult>
    <bndbox>
      <xmin>542</xmin>
      <ymin>322</ymin>
      <xmax>695</xmax>
      <ymax>516</ymax>
    </bndbox>
  </object>
  <object>
    <name>e</name>
    <pose>Unspecified</pose>
    <truncated>0</truncated>
    <difficult>0</difficult>
    <bndbox>
      <xmin>705</xmin>
      <ymin>325</ymin>
      <xmax>848</xmax>
      <ymax>517</ymax>
    </bndbox>
  </object>
  <object>
    <name>F</name>
    <pose>Unspecified</pose>
    <truncated>0</truncated>
    <difficult>0</difficult>
    <bndbox>
      <xmin>846</xmin>
      <ymin>335</ymin>
      <xmax>995</xmax>
      <ymax>535</ymax>
    </bndbox>
  </object>
  <object>
    <name>G</name>
    <pose>Unspecified</pose>
    <truncated>0</truncated>
    <difficult>0</difficult>
    <bndbox>
      <xmin>1018</xmin>
      <ymin>323</ymin>
      <xmax>1154</xmax>
      <ymax>536</ymax>
    </bndbox>
  </object>
  <object>
    <name>H</name>
    <pose>Unspecified</pose>
    <truncated>0</truncated>
    <difficult>0</difficult>
    <bndbox>
      <xmin>71</xmin>
      <ymin>535</ymin>
      <xmax>224</xmax>
      <ymax>711</ymax>
    </bndbox>
  </object>
  <object>
    <name>I</name>
    <pose>Unspecified</pose>
    <truncated>0</truncated>
    <difficult>0</difficult>
    <bndbox>
      <xmin>249</xmin>
      <ymin>529</ymin>
      <xmax>327</xmax>
      <ymax>697</ymax>
    </bndbox>
  </object>
  <object>
    <name>J</name>
    <pose>Unspecified</pose>
    <truncated>0</truncated>
    <difficult>0</difficult>
    <bndbox>
      <xmin>338</xmin>
      <ymin>538</ymin>
      <xmax>483</xmax>
      <ymax>707</ymax>
    </bndbox>
  </object>
  <object>
    <name>K</name>
    <pose>Unspecified</pose>
    <truncated>0</truncated>
    <difficult>0</difficult>
    <bndbox>
      <xmin>480</xmin>
      <ymin>531</ymin>
      <xmax>617</xmax>
      <ymax>704</ymax>
    </bndbox>
  </object>
  <object>
    <name>L</name>
    <pose>Unspecified</pose>
    <truncated>0</truncated>
    <difficult>0</difficult>
    <bndbox>
      <xmin>624</xmin>
      <ymin>539</ymin>
      <xmax>767</xmax>
      <ymax>698</ymax>
    </bndbox>
  </object>
  <object>
    <name>M</name>
    <pose>Unspecified</pose>
    <truncated>0</truncated>
    <difficult>0</difficult>
    <bndbox>
      <xmin>773</xmin>
      <ymin>523</ymin>
      <xmax>945</xmax>
      <ymax>714</ymax>
    </bndbox>
  </object>
  <object>
    <name>N</name>
    <pose>Unspecified</pose>
    <truncated>0</truncated>
    <difficult>0</difficult>
    <bndbox>
      <xmin>949</xmin>
      <ymin>544</ymin>
      <xmax>1146</xmax>
      <ymax>713</ymax>
    </bndbox>
  </object>
</annotation>
