<annotation>
  <folder>positive_images</folder>
  <filename>brazil-word-graffiti-different-style-clip-art-vector_csp19511462.jpg</filename>
  <path>/Users/uma/Documents/cmpe_257_assignment/data_training_assignment/positive_images/brazil-word-graffiti-different-style-clip-art-vector_csp19511462.jpg</path>
  <source>
    <database>Unknown</database>
  </source>
  <size>
    <width>450</width>
    <height>427</height>
    <depth>3</depth>
  </size>
  <segmented>0</segmented>
  <object>
    <name>text</name>
    <pose>Unspecified</pose>
    <truncated>0</truncated>
    <difficult>0</difficult>
    <bndbox>
      <xmin>10</xmin>
      <ymin>5</ymin>
      <xmax>442</xmax>
      <ymax>180</ymax>
    </bndbox>
  </object>
  <object>
    <name>text</name>
    <pose>Unspecified</pose>
    <truncated>0</truncated>
    <difficult>0</difficult>
    <bndbox>
      <xmin>6</xmin>
      <ymin>220</ymin>
      <xmax>444</xmax>
      <ymax>396</ymax>
    </bndbox>
  </object>
  <object>
    <name>B</name>
    <pose>Unspecified</pose>
    <truncated>0</truncated>
    <difficult>0</difficult>
    <bndbox>
      <xmin>11</xmin>
      <ymin>12</ymin>
      <xmax>86</xmax>
      <ymax>174</ymax>
    </bndbox>
  </object>
  <object>
    <name>R</name>
    <pose>Unspecified</pose>
    <truncated>0</truncated>
    <difficult>0</difficult>
    <bndbox>
      <xmin>89</xmin>
      <ymin>26</ymin>
      <xmax>173</xmax>
      <ymax>183</ymax>
    </bndbox>
  </object>
  <object>
    <name>A</name>
    <pose>Unspecified</pose>
    <truncated>0</truncated>
    <difficult>0</difficult>
    <bndbox>
      <xmin>170</xmin>
      <ymin>5</ymin>
      <xmax>240</xmax>
      <ymax>134</ymax>
    </bndbox>
  </object>
  <object>
    <name>Z</name>
    <pose>Unspecified</pose>
    <truncated>0</truncated>
    <difficult>0</difficult>
    <bndbox>
      <xmin>235</xmin>
      <ymin>32</ymin>
      <xmax>326</xmax>
      <ymax>160</ymax>
    </bndbox>
  </object>
  <object>
    <name>i</name>
    <pose>Unspecified</pose>
    <truncated>0</truncated>
    <difficult>0</difficult>
    <bndbox>
      <xmin>322</xmin>
      <ymin>5</ymin>
      <xmax>356</xmax>
      <ymax>162</ymax>
    </bndbox>
  </object>
  <object>
    <name>L</name>
    <pose>Unspecified</pose>
    <truncated>0</truncated>
    <difficult>0</difficult>
    <bndbox>
      <xmin>356</xmin>
      <ymin>19</ymin>
      <xmax>439</xmax>
      <ymax>153</ymax>
    </bndbox>
  </object>
  <object>
    <name>B</name>
    <pose>Unspecified</pose>
    <truncated>0</truncated>
    <difficult>0</difficult>
    <bndbox>
      <xmin>11</xmin>
      <ymin>238</ymin>
      <xmax>87</xmax>
      <ymax>394</ymax>
    </bndbox>
  </object>
  <object>
    <name>R</name>
    <pose>Unspecified</pose>
    <truncated>0</truncated>
    <difficult>0</difficult>
    <bndbox>
      <xmin>82</xmin>
      <ymin>243</ymin>
      <xmax>175</xmax>
      <ymax>388</ymax>
    </bndbox>
  </object>
  <object>
    <name>A</name>
    <pose>Unspecified</pose>
    <truncated>0</truncated>
    <difficult>0</difficult>
    <bndbox>
      <xmin>173</xmin>
      <ymin>216</ymin>
      <xmax>246</xmax>
      <ymax>362</ymax>
    </bndbox>
  </object>
  <object>
    <name>Z</name>
    <pose>Unspecified</pose>
    <truncated>0</truncated>
    <difficult>0</difficult>
    <bndbox>
      <xmin>232</xmin>
      <ymin>259</ymin>
      <xmax>327</xmax>
      <ymax>364</ymax>
    </bndbox>
  </object>
  <object>
    <name>i</name>
    <pose>Unspecified</pose>
    <truncated>0</truncated>
    <difficult>0</difficult>
    <bndbox>
      <xmin>319</xmin>
      <ymin>228</ymin>
      <xmax>361</xmax>
      <ymax>363</ymax>
    </bndbox>
  </object>
  <object>
    <name>L</name>
    <pose>Unspecified</pose>
    <truncated>0</truncated>
    <difficult>0</difficult>
    <bndbox>
      <xmin>361</xmin>
      <ymin>240</ymin>
      <xmax>434</xmax>
      <ymax>366</ymax>
    </bndbox>
  </object>
</annotation>
