<annotation>
  <folder>positive_images</folder>
  <filename>free-graffiti-fonts-1.jpg</filename>
  <path>/Users/uma/Documents/cmpe_257_assignment/data_training_assignment/positive_images/free-graffiti-fonts-1.jpg</path>
  <source>
    <database>Unknown</database>
  </source>
  <size>
    <width>690</width>
    <height>460</height>
    <depth>3</depth>
  </size>
  <segmented>0</segmented>
  <object>
    <name>text</name>
    <pose>Unspecified</pose>
    <truncated>0</truncated>
    <difficult>0</difficult>
    <bndbox>
      <xmin>82</xmin>
      <ymin>100</ymin>
      <xmax>618</xmax>
      <ymax>389</ymax>
    </bndbox>
  </object>
  <object>
    <name>S</name>
    <pose>Unspecified</pose>
    <truncated>0</truncated>
    <difficult>0</difficult>
    <bndbox>
      <xmin>85</xmin>
      <ymin>117</ymin>
      <xmax>208</xmax>
      <ymax>387</ymax>
    </bndbox>
  </object>
  <object>
    <name>t</name>
    <pose>Unspecified</pose>
    <truncated>0</truncated>
    <difficult>0</difficult>
    <bndbox>
      <xmin>200</xmin>
      <ymin>129</ymin>
      <xmax>258</xmax>
      <ymax>354</ymax>
    </bndbox>
  </object>
  <object>
    <name>a</name>
    <pose>Unspecified</pose>
    <truncated>0</truncated>
    <difficult>0</difficult>
    <bndbox>
      <xmin>254</xmin>
      <ymin>211</ymin>
      <xmax>305</xmax>
      <ymax>296</ymax>
    </bndbox>
  </object>
  <object>
    <name>y</name>
    <pose>Unspecified</pose>
    <truncated>0</truncated>
    <difficult>0</difficult>
    <bndbox>
      <xmin>301</xmin>
      <ymin>201</ymin>
      <xmax>364</xmax>
      <ymax>363</ymax>
    </bndbox>
  </object>
  <object>
    <name>h</name>
    <pose>Unspecified</pose>
    <truncated>0</truncated>
    <difficult>0</difficult>
    <bndbox>
      <xmin>370</xmin>
      <ymin>105</ymin>
      <xmax>430</xmax>
      <ymax>285</ymax>
    </bndbox>
  </object>
  <object>
    <name>i</name>
    <pose>Unspecified</pose>
    <truncated>0</truncated>
    <difficult>0</difficult>
    <bndbox>
      <xmin>429</xmin>
      <ymin>168</ymin>
      <xmax>466</xmax>
      <ymax>265</ymax>
    </bndbox>
  </object>
  <object>
    <name>g</name>
    <pose>Unspecified</pose>
    <truncated>0</truncated>
    <difficult>0</difficult>
    <bndbox>
      <xmin>471</xmin>
      <ymin>173</ymin>
      <xmax>515</xmax>
      <ymax>368</ymax>
    </bndbox>
  </object>
  <object>
    <name>h</name>
    <pose>Unspecified</pose>
    <truncated>0</truncated>
    <difficult>0</difficult>
    <bndbox>
      <xmin>531</xmin>
      <ymin>105</ymin>
      <xmax>614</xmax>
      <ymax>293</ymax>
    </bndbox>
  </object>
</annotation>
