<annotation>
  <folder>positive_images</folder>
  <filename>full_Ross_1.jpg</filename>
  <path>/Users/uma/Documents/cmpe_257_assignment/data_training_assignment/positive_images/full_Ross_1.jpg</path>
  <source>
    <database>Unknown</database>
  </source>
  <size>
    <width>800</width>
    <height>597</height>
    <depth>3</depth>
  </size>
  <segmented>0</segmented>
  <object>
    <name>text</name>
    <pose>Unspecified</pose>
    <truncated>0</truncated>
    <difficult>0</difficult>
    <bndbox>
      <xmin>53</xmin>
      <ymin>154</ymin>
      <xmax>741</xmax>
      <ymax>390</ymax>
    </bndbox>
  </object>
  <object>
    <name>t</name>
    <pose>Unspecified</pose>
    <truncated>0</truncated>
    <difficult>0</difficult>
    <bndbox>
      <xmin>49</xmin>
      <ymin>167</ymin>
      <xmax>188</xmax>
      <ymax>382</ymax>
    </bndbox>
  </object>
  <object>
    <name>r</name>
    <pose>Unspecified</pose>
    <truncated>0</truncated>
    <difficult>0</difficult>
    <bndbox>
      <xmin>177</xmin>
      <ymin>230</ymin>
      <xmax>255</xmax>
      <ymax>387</ymax>
    </bndbox>
  </object>
  <object>
    <name>u</name>
    <pose>Unspecified</pose>
    <truncated>0</truncated>
    <difficult>0</difficult>
    <bndbox>
      <xmin>257</xmin>
      <ymin>218</ymin>
      <xmax>367</xmax>
      <ymax>366</ymax>
    </bndbox>
  </object>
  <object>
    <name>s</name>
    <pose>Unspecified</pose>
    <truncated>0</truncated>
    <difficult>0</difficult>
    <bndbox>
      <xmin>361</xmin>
      <ymin>214</ymin>
      <xmax>450</xmax>
      <ymax>370</ymax>
    </bndbox>
  </object>
  <object>
    <name>t</name>
    <pose>Unspecified</pose>
    <truncated>0</truncated>
    <difficult>0</difficult>
    <bndbox>
      <xmin>445</xmin>
      <ymin>155</ymin>
      <xmax>511</xmax>
      <ymax>373</ymax>
    </bndbox>
  </object>
  <object>
    <name>m</name>
    <pose>Unspecified</pose>
    <truncated>0</truncated>
    <difficult>0</difficult>
    <bndbox>
      <xmin>516</xmin>
      <ymin>158</ymin>
      <xmax>662</xmax>
      <ymax>357</ymax>
    </bndbox>
  </object>
  <object>
    <name>e</name>
    <pose>Unspecified</pose>
    <truncated>0</truncated>
    <difficult>0</difficult>
    <bndbox>
      <xmin>654</xmin>
      <ymin>202</ymin>
      <xmax>748</xmax>
      <ymax>367</ymax>
    </bndbox>
  </object>
</annotation>
