<annotation>
  <folder>positive_images</folder>
  <filename>g10.jpg</filename>
  <path>/Users/uma/Documents/cmpe_257_assignment/data_training_assignment/positive_images/g10.jpg</path>
  <source>
    <database>Unknown</database>
  </source>
  <size>
    <width>500</width>
    <height>375</height>
    <depth>3</depth>
  </size>
  <segmented>0</segmented>
  <object>
    <name>text</name>
    <pose>Unspecified</pose>
    <truncated>0</truncated>
    <difficult>0</difficult>
    <bndbox>
      <xmin>89</xmin>
      <ymin>86</ymin>
      <xmax>411</xmax>
      <ymax>220</ymax>
    </bndbox>
  </object>
  <object>
    <name>0</name>
    <pose>Unspecified</pose>
    <truncated>0</truncated>
    <difficult>0</difficult>
    <bndbox>
      <xmin>69</xmin>
      <ymin>313</ymin>
      <xmax>85</xmax>
      <ymax>334</ymax>
    </bndbox>
  </object>
  <object>
    <name>1</name>
    <pose>Unspecified</pose>
    <truncated>0</truncated>
    <difficult>0</difficult>
    <bndbox>
      <xmin>85</xmin>
      <ymin>313</ymin>
      <xmax>96</xmax>
      <ymax>334</ymax>
    </bndbox>
  </object>
  <object>
    <name>2</name>
    <pose>Unspecified</pose>
    <truncated>0</truncated>
    <difficult>0</difficult>
    <bndbox>
      <xmin>96</xmin>
      <ymin>314</ymin>
      <xmax>110</xmax>
      <ymax>334</ymax>
    </bndbox>
  </object>
  <object>
    <name>3</name>
    <pose>Unspecified</pose>
    <truncated>0</truncated>
    <difficult>0</difficult>
    <bndbox>
      <xmin>110</xmin>
      <ymin>313</ymin>
      <xmax>124</xmax>
      <ymax>332</ymax>
    </bndbox>
  </object>
  <object>
    <name>4</name>
    <pose>Unspecified</pose>
    <truncated>0</truncated>
    <difficult>0</difficult>
    <bndbox>
      <xmin>124</xmin>
      <ymin>313</ymin>
      <xmax>137</xmax>
      <ymax>333</ymax>
    </bndbox>
  </object>
  <object>
    <name>5</name>
    <pose>Unspecified</pose>
    <truncated>0</truncated>
    <difficult>0</difficult>
    <bndbox>
      <xmin>135</xmin>
      <ymin>314</ymin>
      <xmax>149</xmax>
      <ymax>333</ymax>
    </bndbox>
  </object>
  <object>
    <name>6</name>
    <pose>Unspecified</pose>
    <truncated>0</truncated>
    <difficult>0</difficult>
    <bndbox>
      <xmin>149</xmin>
      <ymin>313</ymin>
      <xmax>164</xmax>
      <ymax>333</ymax>
    </bndbox>
  </object>
  <object>
    <name>7</name>
    <pose>Unspecified</pose>
    <truncated>0</truncated>
    <difficult>0</difficult>
    <bndbox>
      <xmin>159</xmin>
      <ymin>313</ymin>
      <xmax>175</xmax>
      <ymax>334</ymax>
    </bndbox>
  </object>
  <object>
    <name>8</name>
    <pose>Unspecified</pose>
    <truncated>0</truncated>
    <difficult>0</difficult>
    <bndbox>
      <xmin>176</xmin>
      <ymin>313</ymin>
      <xmax>188</xmax>
      <ymax>334</ymax>
    </bndbox>
  </object>
  <object>
    <name>9</name>
    <pose>Unspecified</pose>
    <truncated>0</truncated>
    <difficult>0</difficult>
    <bndbox>
      <xmin>189</xmin>
      <ymin>312</ymin>
      <xmax>200</xmax>
      <ymax>334</ymax>
    </bndbox>
  </object>
  <object>
    <name>!</name>
    <pose>Unspecified</pose>
    <truncated>0</truncated>
    <difficult>0</difficult>
    <bndbox>
      <xmin>218</xmin>
      <ymin>313</ymin>
      <xmax>230</xmax>
      <ymax>335</ymax>
    </bndbox>
  </object>
  <object>
    <name>?</name>
    <pose>Unspecified</pose>
    <truncated>0</truncated>
    <difficult>0</difficult>
    <bndbox>
      <xmin>229</xmin>
      <ymin>312</ymin>
      <xmax>241</xmax>
      <ymax>336</ymax>
    </bndbox>
  </object>
  <object>
    <name>@</name>
    <pose>Unspecified</pose>
    <truncated>0</truncated>
    <difficult>0</difficult>
    <bndbox>
      <xmin>242</xmin>
      <ymin>314</ymin>
      <xmax>261</xmax>
      <ymax>336</ymax>
    </bndbox>
  </object>
  <object>
    <name>#</name>
    <pose>Unspecified</pose>
    <truncated>0</truncated>
    <difficult>0</difficult>
    <bndbox>
      <xmin>260</xmin>
      <ymin>311</ymin>
      <xmax>277</xmax>
      <ymax>336</ymax>
    </bndbox>
  </object>
  <object>
    <name>$</name>
    <pose>Unspecified</pose>
    <truncated>0</truncated>
    <difficult>0</difficult>
    <bndbox>
      <xmin>276</xmin>
      <ymin>311</ymin>
      <xmax>287</xmax>
      <ymax>335</ymax>
    </bndbox>
  </object>
  <object>
    <name>%</name>
    <pose>Unspecified</pose>
    <truncated>0</truncated>
    <difficult>0</difficult>
    <bndbox>
      <xmin>289</xmin>
      <ymin>314</ymin>
      <xmax>305</xmax>
      <ymax>339</ymax>
    </bndbox>
  </object>
  <object>
    <name>&amp;</name>
    <pose>Unspecified</pose>
    <truncated>0</truncated>
    <difficult>0</difficult>
    <bndbox>
      <xmin>307</xmin>
      <ymin>313</ymin>
      <xmax>321</xmax>
      <ymax>336</ymax>
    </bndbox>
  </object>
  <object>
    <name>/</name>
    <pose>Unspecified</pose>
    <truncated>0</truncated>
    <difficult>0</difficult>
    <bndbox>
      <xmin>321</xmin>
      <ymin>313</ymin>
      <xmax>333</xmax>
      <ymax>335</ymax>
    </bndbox>
  </object>
  <object>
    <name>*</name>
    <pose>Unspecified</pose>
    <truncated>0</truncated>
    <difficult>0</difficult>
    <bndbox>
      <xmin>332</xmin>
      <ymin>309</ymin>
      <xmax>343</xmax>
      <ymax>330</ymax>
    </bndbox>
  </object>
  <object>
    <name>+</name>
    <pose>Unspecified</pose>
    <truncated>0</truncated>
    <difficult>0</difficult>
    <bndbox>
      <xmin>342</xmin>
      <ymin>314</ymin>
      <xmax>360</xmax>
      <ymax>335</ymax>
    </bndbox>
  </object>
  <object>
    <name>-</name>
    <pose>Unspecified</pose>
    <truncated>0</truncated>
    <difficult>0</difficult>
    <bndbox>
      <xmin>358</xmin>
      <ymin>314</ymin>
      <xmax>371</xmax>
      <ymax>333</ymax>
    </bndbox>
  </object>
  <object>
    <name>=</name>
    <pose>Unspecified</pose>
    <truncated>0</truncated>
    <difficult>0</difficult>
    <bndbox>
      <xmin>372</xmin>
      <ymin>315</ymin>
      <xmax>386</xmax>
      <ymax>333</ymax>
    </bndbox>
  </object>
  <object>
    <name>'</name>
    <pose>Unspecified</pose>
    <truncated>0</truncated>
    <difficult>0</difficult>
    <bndbox>
      <xmin>385</xmin>
      <ymin>309</ymin>
      <xmax>396</xmax>
      <ymax>327</ymax>
    </bndbox>
  </object>
  <object>
    <name>(</name>
    <pose>Unspecified</pose>
    <truncated>0</truncated>
    <difficult>0</difficult>
    <bndbox>
      <xmin>394</xmin>
      <ymin>314</ymin>
      <xmax>403</xmax>
      <ymax>334</ymax>
    </bndbox>
  </object>
  <object>
    <name>)</name>
    <pose>Unspecified</pose>
    <truncated>0</truncated>
    <difficult>0</difficult>
    <bndbox>
      <xmin>406</xmin>
      <ymin>313</ymin>
      <xmax>414</xmax>
      <ymax>339</ymax>
    </bndbox>
  </object>
  <object>
    <name>"</name>
    <pose>Unspecified</pose>
    <truncated>0</truncated>
    <difficult>0</difficult>
    <bndbox>
      <xmin>417</xmin>
      <ymin>312</ymin>
      <xmax>430</xmax>
      <ymax>327</ymax>
    </bndbox>
  </object>
  <object>
    <name>D</name>
    <pose>Unspecified</pose>
    <truncated>0</truncated>
    <difficult>0</difficult>
    <bndbox>
      <xmin>94</xmin>
      <ymin>89</ymin>
      <xmax>182</xmax>
      <ymax>211</ymax>
    </bndbox>
  </object>
  <object>
    <name>O</name>
    <pose>Unspecified</pose>
    <truncated>0</truncated>
    <difficult>0</difficult>
    <bndbox>
      <xmin>180</xmin>
      <ymin>95</ymin>
      <xmax>268</xmax>
      <ymax>207</ymax>
    </bndbox>
  </object>
  <object>
    <name>P</name>
    <pose>Unspecified</pose>
    <truncated>0</truncated>
    <difficult>0</difficult>
    <bndbox>
      <xmin>264</xmin>
      <ymin>92</ymin>
      <xmax>338</xmax>
      <ymax>200</ymax>
    </bndbox>
  </object>
  <object>
    <name>E</name>
    <pose>Unspecified</pose>
    <truncated>0</truncated>
    <difficult>0</difficult>
    <bndbox>
      <xmin>330</xmin>
      <ymin>94</ymin>
      <xmax>406</xmax>
      <ymax>208</ymax>
    </bndbox>
  </object>
  <object>
    <name>a</name>
    <pose>Unspecified</pose>
    <truncated>0</truncated>
    <difficult>0</difficult>
    <bndbox>
      <xmin>86</xmin>
      <ymin>277</ymin>
      <xmax>102</xmax>
      <ymax>291</ymax>
    </bndbox>
  </object>
  <object>
    <name>b</name>
    <pose>Unspecified</pose>
    <truncated>0</truncated>
    <difficult>0</difficult>
    <bndbox>
      <xmin>102</xmin>
      <ymin>271</ymin>
      <xmax>114</xmax>
      <ymax>294</ymax>
    </bndbox>
  </object>
  <object>
    <name>c</name>
    <pose>Unspecified</pose>
    <truncated>0</truncated>
    <difficult>0</difficult>
    <bndbox>
      <xmin>115</xmin>
      <ymin>275</ymin>
      <xmax>127</xmax>
      <ymax>291</ymax>
    </bndbox>
  </object>
  <object>
    <name>d</name>
    <pose>Unspecified</pose>
    <truncated>0</truncated>
    <difficult>0</difficult>
    <bndbox>
      <xmin>128</xmin>
      <ymin>272</ymin>
      <xmax>140</xmax>
      <ymax>291</ymax>
    </bndbox>
  </object>
  <object>
    <name>e</name>
    <pose>Unspecified</pose>
    <truncated>0</truncated>
    <difficult>0</difficult>
    <bndbox>
      <xmin>141</xmin>
      <ymin>275</ymin>
      <xmax>153</xmax>
      <ymax>294</ymax>
    </bndbox>
  </object>
  <object>
    <name>f</name>
    <pose>Unspecified</pose>
    <truncated>0</truncated>
    <difficult>0</difficult>
    <bndbox>
      <xmin>152</xmin>
      <ymin>268</ymin>
      <xmax>163</xmax>
      <ymax>292</ymax>
    </bndbox>
  </object>
  <object>
    <name>g</name>
    <pose>Unspecified</pose>
    <truncated>0</truncated>
    <difficult>0</difficult>
    <bndbox>
      <xmin>163</xmin>
      <ymin>277</ymin>
      <xmax>177</xmax>
      <ymax>294</ymax>
    </bndbox>
  </object>
  <object>
    <name>h</name>
    <pose>Unspecified</pose>
    <truncated>0</truncated>
    <difficult>0</difficult>
    <bndbox>
      <xmin>175</xmin>
      <ymin>272</ymin>
      <xmax>190</xmax>
      <ymax>292</ymax>
    </bndbox>
  </object>
  <object>
    <name>i</name>
    <pose>Unspecified</pose>
    <truncated>0</truncated>
    <difficult>0</difficult>
    <bndbox>
      <xmin>190</xmin>
      <ymin>272</ymin>
      <xmax>199</xmax>
      <ymax>295</ymax>
    </bndbox>
  </object>
  <object>
    <name>j</name>
    <pose>Unspecified</pose>
    <truncated>0</truncated>
    <difficult>0</difficult>
    <bndbox>
      <xmin>200</xmin>
      <ymin>268</ymin>
      <xmax>210</xmax>
      <ymax>297</ymax>
    </bndbox>
  </object>
  <object>
    <name>k</name>
    <pose>Unspecified</pose>
    <truncated>0</truncated>
    <difficult>0</difficult>
    <bndbox>
      <xmin>210</xmin>
      <ymin>272</ymin>
      <xmax>223</xmax>
      <ymax>294</ymax>
    </bndbox>
  </object>
  <object>
    <name>l</name>
    <pose>Unspecified</pose>
    <truncated>0</truncated>
    <difficult>0</difficult>
    <bndbox>
      <xmin>222</xmin>
      <ymin>269</ymin>
      <xmax>230</xmax>
      <ymax>294</ymax>
    </bndbox>
  </object>
  <object>
    <name>m</name>
    <pose>Unspecified</pose>
    <truncated>0</truncated>
    <difficult>0</difficult>
    <bndbox>
      <xmin>230</xmin>
      <ymin>272</ymin>
      <xmax>247</xmax>
      <ymax>294</ymax>
    </bndbox>
  </object>
  <object>
    <name>n</name>
    <pose>Unspecified</pose>
    <truncated>0</truncated>
    <difficult>0</difficult>
    <bndbox>
      <xmin>246</xmin>
      <ymin>275</ymin>
      <xmax>261</xmax>
      <ymax>289</ymax>
    </bndbox>
  </object>
  <object>
    <name>o</name>
    <pose>Unspecified</pose>
    <truncated>0</truncated>
    <difficult>0</difficult>
    <bndbox>
      <xmin>261</xmin>
      <ymin>274</ymin>
      <xmax>274</xmax>
      <ymax>292</ymax>
    </bndbox>
  </object>
  <object>
    <name>p</name>
    <pose>Unspecified</pose>
    <truncated>0</truncated>
    <difficult>0</difficult>
    <bndbox>
      <xmin>272</xmin>
      <ymin>274</ymin>
      <xmax>288</xmax>
      <ymax>297</ymax>
    </bndbox>
  </object>
  <object>
    <name>q</name>
    <pose>Unspecified</pose>
    <truncated>0</truncated>
    <difficult>0</difficult>
    <bndbox>
      <xmin>288</xmin>
      <ymin>275</ymin>
      <xmax>302</xmax>
      <ymax>294</ymax>
    </bndbox>
  </object>
  <object>
    <name>r</name>
    <pose>Unspecified</pose>
    <truncated>0</truncated>
    <difficult>0</difficult>
    <bndbox>
      <xmin>300</xmin>
      <ymin>274</ymin>
      <xmax>313</xmax>
      <ymax>295</ymax>
    </bndbox>
  </object>
  <object>
    <name>s</name>
    <pose>Unspecified</pose>
    <truncated>0</truncated>
    <difficult>0</difficult>
    <bndbox>
      <xmin>311</xmin>
      <ymin>276</ymin>
      <xmax>323</xmax>
      <ymax>292</ymax>
    </bndbox>
  </object>
  <object>
    <name>t</name>
    <pose>Unspecified</pose>
    <truncated>0</truncated>
    <difficult>0</difficult>
    <bndbox>
      <xmin>323</xmin>
      <ymin>275</ymin>
      <xmax>333</xmax>
      <ymax>292</ymax>
    </bndbox>
  </object>
  <object>
    <name>u</name>
    <pose>Unspecified</pose>
    <truncated>0</truncated>
    <difficult>0</difficult>
    <bndbox>
      <xmin>333</xmin>
      <ymin>277</ymin>
      <xmax>347</xmax>
      <ymax>292</ymax>
    </bndbox>
  </object>
  <object>
    <name>v</name>
    <pose>Unspecified</pose>
    <truncated>0</truncated>
    <difficult>0</difficult>
    <bndbox>
      <xmin>348</xmin>
      <ymin>275</ymin>
      <xmax>357</xmax>
      <ymax>291</ymax>
    </bndbox>
  </object>
  <object>
    <name>w</name>
    <pose>Unspecified</pose>
    <truncated>0</truncated>
    <difficult>0</difficult>
    <bndbox>
      <xmin>358</xmin>
      <ymin>273</ymin>
      <xmax>375</xmax>
      <ymax>293</ymax>
    </bndbox>
  </object>
  <object>
    <name>x</name>
    <pose>Unspecified</pose>
    <truncated>0</truncated>
    <difficult>0</difficult>
    <bndbox>
      <xmin>375</xmin>
      <ymin>273</ymin>
      <xmax>386</xmax>
      <ymax>292</ymax>
    </bndbox>
  </object>
  <object>
    <name>y</name>
    <pose>Unspecified</pose>
    <truncated>0</truncated>
    <difficult>0</difficult>
    <bndbox>
      <xmin>386</xmin>
      <ymin>272</ymin>
      <xmax>398</xmax>
      <ymax>295</ymax>
    </bndbox>
  </object>
  <object>
    <name>z</name>
    <pose>Unspecified</pose>
    <truncated>0</truncated>
    <difficult>0</difficult>
    <bndbox>
      <xmin>397</xmin>
      <ymin>276</ymin>
      <xmax>414</xmax>
      <ymax>292</ymax>
    </bndbox>
  </object>
</annotation>
