<annotation>
  <folder>positive_images</folder>
  <filename>g11.jpg</filename>
  <path>/Users/uma/Documents/cmpe_257_assignment/data_training_assignment/positive_images/g11.jpg</path>
  <source>
    <database>Unknown</database>
  </source>
  <size>
    <width>225</width>
    <height>225</height>
    <depth>3</depth>
  </size>
  <segmented>0</segmented>
  <object>
    <name>text</name>
    <pose>Unspecified</pose>
    <truncated>0</truncated>
    <difficult>0</difficult>
    <bndbox>
      <xmin>26</xmin>
      <ymin>79</ymin>
      <xmax>206</xmax>
      <ymax>139</ymax>
    </bndbox>
  </object>
  <object>
    <name>T</name>
    <pose>Unspecified</pose>
    <truncated>0</truncated>
    <difficult>0</difficult>
    <bndbox>
      <xmin>25</xmin>
      <ymin>81</ymin>
      <xmax>64</xmax>
      <ymax>134</ymax>
    </bndbox>
  </object>
  <object>
    <name>E</name>
    <pose>Unspecified</pose>
    <truncated>0</truncated>
    <difficult>0</difficult>
    <bndbox>
      <xmin>64</xmin>
      <ymin>81</ymin>
      <xmax>111</xmax>
      <ymax>137</ymax>
    </bndbox>
  </object>
  <object>
    <name>X</name>
    <pose>Unspecified</pose>
    <truncated>0</truncated>
    <difficult>0</difficult>
    <bndbox>
      <xmin>109</xmin>
      <ymin>79</ymin>
      <xmax>159</xmax>
      <ymax>137</ymax>
    </bndbox>
  </object>
  <object>
    <name>T</name>
    <pose>Unspecified</pose>
    <truncated>0</truncated>
    <difficult>0</difficult>
    <bndbox>
      <xmin>154</xmin>
      <ymin>81</ymin>
      <xmax>207</xmax>
      <ymax>134</ymax>
    </bndbox>
  </object>
</annotation>
