<annotation>
  <folder>positive_images</folder>
  <filename>g13.jpg</filename>
  <path>/Users/uma/Documents/cmpe_257_assignment/data_training_assignment/positive_images/g13.jpg</path>
  <source>
    <database>Unknown</database>
  </source>
  <size>
    <width>340</width>
    <height>167</height>
    <depth>3</depth>
  </size>
  <segmented>0</segmented>
  <object>
    <name>text</name>
    <pose>Unspecified</pose>
    <truncated>0</truncated>
    <difficult>0</difficult>
    <bndbox>
      <xmin>20</xmin>
      <ymin>6</ymin>
      <xmax>320</xmax>
      <ymax>150</ymax>
    </bndbox>
  </object>
  <object>
    <name>A</name>
    <pose>Unspecified</pose>
    <truncated>0</truncated>
    <difficult>0</difficult>
    <bndbox>
      <xmin>22</xmin>
      <ymin>10</ymin>
      <xmax>121</xmax>
      <ymax>142</ymax>
    </bndbox>
  </object>
  <object>
    <name>B</name>
    <pose>Unspecified</pose>
    <truncated>0</truncated>
    <difficult>0</difficult>
    <bndbox>
      <xmin>122</xmin>
      <ymin>12</ymin>
      <xmax>223</xmax>
      <ymax>140</ymax>
    </bndbox>
  </object>
  <object>
    <name>C</name>
    <pose>Unspecified</pose>
    <truncated>0</truncated>
    <difficult>0</difficult>
    <bndbox>
      <xmin>215</xmin>
      <ymin>37</ymin>
      <xmax>318</xmax>
      <ymax>140</ymax>
    </bndbox>
  </object>
</annotation>
