<annotation>
  <folder>positive_images</folder>
  <filename>g2.jpg</filename>
  <path>/Users/uma/Documents/cmpe_257_assignment/data_training_assignment/positive_images/g2.jpg</path>
  <source>
    <database>Unknown</database>
  </source>
  <size>
    <width>1300</width>
    <height>533</height>
    <depth>3</depth>
  </size>
  <segmented>0</segmented>
  <object>
    <name>text</name>
    <pose>Unspecified</pose>
    <truncated>0</truncated>
    <difficult>0</difficult>
    <bndbox>
      <xmin>83</xmin>
      <ymin>85</ymin>
      <xmax>1234</xmax>
      <ymax>348</ymax>
    </bndbox>
  </object>
  <object>
    <name>M</name>
    <pose>Unspecified</pose>
    <truncated>0</truncated>
    <difficult>0</difficult>
    <bndbox>
      <xmin>86</xmin>
      <ymin>80</ymin>
      <xmax>345</xmax>
      <ymax>348</ymax>
    </bndbox>
  </object>
  <object>
    <name>E</name>
    <pose>Unspecified</pose>
    <truncated>0</truncated>
    <difficult>0</difficult>
    <bndbox>
      <xmin>332</xmin>
      <ymin>86</ymin>
      <xmax>524</xmax>
      <ymax>339</ymax>
    </bndbox>
  </object>
  <object>
    <name>X</name>
    <pose>Unspecified</pose>
    <truncated>0</truncated>
    <difficult>0</difficult>
    <bndbox>
      <xmin>519</xmin>
      <ymin>93</ymin>
      <xmax>748</xmax>
      <ymax>340</ymax>
    </bndbox>
  </object>
  <object>
    <name>I</name>
    <pose>Unspecified</pose>
    <truncated>0</truncated>
    <difficult>0</difficult>
    <bndbox>
      <xmin>751</xmin>
      <ymin>93</ymin>
      <xmax>856</xmax>
      <ymax>336</ymax>
    </bndbox>
  </object>
  <object>
    <name>C</name>
    <pose>Unspecified</pose>
    <truncated>0</truncated>
    <difficult>0</difficult>
    <bndbox>
      <xmin>851</xmin>
      <ymin>102</ymin>
      <xmax>1016</xmax>
      <ymax>332</ymax>
    </bndbox>
  </object>
  <object>
    <name>O</name>
    <pose>Unspecified</pose>
    <truncated>0</truncated>
    <difficult>0</difficult>
    <bndbox>
      <xmin>1000</xmin>
      <ymin>104</ymin>
      <xmax>1231</xmax>
      <ymax>337</ymax>
    </bndbox>
  </object>
</annotation>
