<annotation>
  <folder>positive_images</folder>
  <filename>g21.jpg</filename>
  <path>/Users/uma/Documents/cmpe_257_assignment/data_training_assignment/positive_images/g21.jpg</path>
  <source>
    <database>Unknown</database>
  </source>
  <size>
    <width>397</width>
    <height>227</height>
    <depth>3</depth>
  </size>
  <segmented>0</segmented>
  <object>
    <name>text</name>
    <pose>Unspecified</pose>
    <truncated>0</truncated>
    <difficult>0</difficult>
    <bndbox>
      <xmin>17</xmin>
      <ymin>15</ymin>
      <xmax>378</xmax>
      <ymax>212</ymax>
    </bndbox>
  </object>
  <object>
    <name>S</name>
    <pose>Unspecified</pose>
    <truncated>0</truncated>
    <difficult>0</difficult>
    <bndbox>
      <xmin>20</xmin>
      <ymin>15</ymin>
      <xmax>131</xmax>
      <ymax>201</ymax>
    </bndbox>
  </object>
  <object>
    <name>h</name>
    <pose>Unspecified</pose>
    <truncated>0</truncated>
    <difficult>0</difficult>
    <bndbox>
      <xmin>108</xmin>
      <ymin>30</ymin>
      <xmax>214</xmax>
      <ymax>201</ymax>
    </bndbox>
  </object>
  <object>
    <name>o</name>
    <pose>Unspecified</pose>
    <truncated>0</truncated>
    <difficult>0</difficult>
    <bndbox>
      <xmin>175</xmin>
      <ymin>38</ymin>
      <xmax>270</xmax>
      <ymax>161</ymax>
    </bndbox>
  </object>
  <object>
    <name>E</name>
    <pose>Unspecified</pose>
    <truncated>0</truncated>
    <difficult>0</difficult>
    <bndbox>
      <xmin>251</xmin>
      <ymin>29</ymin>
      <xmax>352</xmax>
      <ymax>202</ymax>
    </bndbox>
  </object>
</annotation>
