<annotation>
  <folder>positive_images</folder>
  <filename>g22.jpg</filename>
  <path>/Users/uma/Documents/cmpe_257_assignment/data_training_assignment/positive_images/g22.jpg</path>
  <source>
    <database>Unknown</database>
  </source>
  <size>
    <width>800</width>
    <height>366</height>
    <depth>3</depth>
  </size>
  <segmented>0</segmented>
  <object>
    <name>text</name>
    <pose>Unspecified</pose>
    <truncated>0</truncated>
    <difficult>0</difficult>
    <bndbox>
      <xmin>48</xmin>
      <ymin>43</ymin>
      <xmax>746</xmax>
      <ymax>290</ymax>
    </bndbox>
  </object>
  <object>
    <name>V</name>
    <pose>Unspecified</pose>
    <truncated>0</truncated>
    <difficult>0</difficult>
    <bndbox>
      <xmin>69</xmin>
      <ymin>47</ymin>
      <xmax>226</xmax>
      <ymax>286</ymax>
    </bndbox>
  </object>
  <object>
    <name>A</name>
    <pose>Unspecified</pose>
    <truncated>0</truncated>
    <difficult>0</difficult>
    <bndbox>
      <xmin>205</xmin>
      <ymin>82</ymin>
      <xmax>309</xmax>
      <ymax>260</ymax>
    </bndbox>
  </object>
  <object>
    <name>N</name>
    <pose>Unspecified</pose>
    <truncated>0</truncated>
    <difficult>0</difficult>
    <bndbox>
      <xmin>287</xmin>
      <ymin>91</ymin>
      <xmax>411</xmax>
      <ymax>253</ymax>
    </bndbox>
  </object>
  <object>
    <name>D</name>
    <pose>Unspecified</pose>
    <truncated>0</truncated>
    <difficult>0</difficult>
    <bndbox>
      <xmin>394</xmin>
      <ymin>94</ymin>
      <xmax>520</xmax>
      <ymax>261</ymax>
    </bndbox>
  </object>
  <object>
    <name>A</name>
    <pose>Unspecified</pose>
    <truncated>0</truncated>
    <difficult>0</difficult>
    <bndbox>
      <xmin>503</xmin>
      <ymin>87</ymin>
      <xmax>616</xmax>
      <ymax>262</ymax>
    </bndbox>
  </object>
  <object>
    <name>L</name>
    <pose>Unspecified</pose>
    <truncated>0</truncated>
    <difficult>0</difficult>
    <bndbox>
      <xmin>582</xmin>
      <ymin>74</ymin>
      <xmax>725</xmax>
      <ymax>279</ymax>
    </bndbox>
  </object>
</annotation>
