<annotation>
  <folder>positive_images</folder>
  <filename>g24.jpg</filename>
  <path>/Users/uma/Documents/cmpe_257_assignment/data_training_assignment/positive_images/g24.jpg</path>
  <source>
    <database>Unknown</database>
  </source>
  <size>
    <width>1300</width>
    <height>956</height>
    <depth>3</depth>
  </size>
  <segmented>0</segmented>
  <object>
    <name>text</name>
    <pose>Unspecified</pose>
    <truncated>0</truncated>
    <difficult>0</difficult>
    <bndbox>
      <xmin>69</xmin>
      <ymin>6</ymin>
      <xmax>1277</xmax>
      <ymax>736</ymax>
    </bndbox>
  </object>
  <object>
    <name>l</name>
    <pose>Unspecified</pose>
    <truncated>0</truncated>
    <difficult>0</difficult>
    <bndbox>
      <xmin>91</xmin>
      <ymin>5</ymin>
      <xmax>369</xmax>
      <ymax>722</ymax>
    </bndbox>
  </object>
  <object>
    <name>o</name>
    <pose>Unspecified</pose>
    <truncated>0</truncated>
    <difficult>0</difficult>
    <bndbox>
      <xmin>307</xmin>
      <ymin>289</ymin>
      <xmax>615</xmax>
      <ymax>683</ymax>
    </bndbox>
  </object>
  <object>
    <name>v</name>
    <pose>Unspecified</pose>
    <truncated>0</truncated>
    <difficult>0</difficult>
    <bndbox>
      <xmin>599</xmin>
      <ymin>198</ymin>
      <xmax>910</xmax>
      <ymax>646</ymax>
    </bndbox>
  </object>
  <object>
    <name>e</name>
    <pose>Unspecified</pose>
    <truncated>0</truncated>
    <difficult>0</difficult>
    <bndbox>
      <xmin>878</xmin>
      <ymin>202</ymin>
      <xmax>1261</xmax>
      <ymax>687</ymax>
    </bndbox>
  </object>
</annotation>
