<annotation>
  <folder>positive_images</folder>
  <filename>g25.jpg</filename>
  <path>/Users/uma/Documents/cmpe_257_assignment/data_training_assignment/positive_images/g25.jpg</path>
  <source>
    <database>Unknown</database>
  </source>
  <size>
    <width>340</width>
    <height>173</height>
    <depth>3</depth>
  </size>
  <segmented>0</segmented>
  <object>
    <name>text</name>
    <pose>Unspecified</pose>
    <truncated>0</truncated>
    <difficult>0</difficult>
    <bndbox>
      <xmin>23</xmin>
      <ymin>20</ymin>
      <xmax>320</xmax>
      <ymax>151</ymax>
    </bndbox>
  </object>
  <object>
    <name>A</name>
    <pose>Unspecified</pose>
    <truncated>0</truncated>
    <difficult>0</difficult>
    <bndbox>
      <xmin>31</xmin>
      <ymin>19</ymin>
      <xmax>125</xmax>
      <ymax>150</ymax>
    </bndbox>
  </object>
  <object>
    <name>B</name>
    <pose>Unspecified</pose>
    <truncated>0</truncated>
    <difficult>0</difficult>
    <bndbox>
      <xmin>102</xmin>
      <ymin>23</ymin>
      <xmax>222</xmax>
      <ymax>139</ymax>
    </bndbox>
  </object>
  <object>
    <name>C</name>
    <pose>Unspecified</pose>
    <truncated>0</truncated>
    <difficult>0</difficult>
    <bndbox>
      <xmin>207</xmin>
      <ymin>29</ymin>
      <xmax>321</xmax>
      <ymax>148</ymax>
    </bndbox>
  </object>
</annotation>
