<annotation>
  <folder>positive_images</folder>
  <filename>g26.jpg</filename>
  <path>/Users/uma/Documents/cmpe_257_assignment/data_training_assignment/positive_images/g26.jpg</path>
  <source>
    <database>Unknown</database>
  </source>
  <size>
    <width>190</width>
    <height>140</height>
    <depth>3</depth>
  </size>
  <segmented>0</segmented>
  <object>
    <name>text</name>
    <pose>Unspecified</pose>
    <truncated>0</truncated>
    <difficult>0</difficult>
    <bndbox>
      <xmin>5</xmin>
      <ymin>22</ymin>
      <xmax>187</xmax>
      <ymax>118</ymax>
    </bndbox>
  </object>
  <object>
    <name>H</name>
    <pose>Unspecified</pose>
    <truncated>0</truncated>
    <difficult>0</difficult>
    <bndbox>
      <xmin>8</xmin>
      <ymin>25</ymin>
      <xmax>79</xmax>
      <ymax>114</ymax>
    </bndbox>
  </object>
  <object>
    <name>O</name>
    <pose>Unspecified</pose>
    <truncated>0</truncated>
    <difficult>0</difficult>
    <bndbox>
      <xmin>78</xmin>
      <ymin>26</ymin>
      <xmax>125</xmax>
      <ymax>107</ymax>
    </bndbox>
  </object>
  <object>
    <name>T</name>
    <pose>Unspecified</pose>
    <truncated>0</truncated>
    <difficult>0</difficult>
    <bndbox>
      <xmin>118</xmin>
      <ymin>22</ymin>
      <xmax>186</xmax>
      <ymax>115</ymax>
    </bndbox>
  </object>
</annotation>
