<annotation>
  <folder>positive_images</folder>
  <filename>g27.jpg</filename>
  <path>/Users/uma/Documents/cmpe_257_assignment/data_training_assignment/positive_images/g27.jpg</path>
  <source>
    <database>Unknown</database>
  </source>
  <size>
    <width>723</width>
    <height>367</height>
    <depth>3</depth>
  </size>
  <segmented>0</segmented>
  <object>
    <name>text</name>
    <pose>Unspecified</pose>
    <truncated>0</truncated>
    <difficult>0</difficult>
    <bndbox>
      <xmin>61</xmin>
      <ymin>7</ymin>
      <xmax>663</xmax>
      <ymax>356</ymax>
    </bndbox>
  </object>
  <object>
    <name>S</name>
    <pose>Unspecified</pose>
    <truncated>0</truncated>
    <difficult>0</difficult>
    <bndbox>
      <xmin>67</xmin>
      <ymin>22</ymin>
      <xmax>227</xmax>
      <ymax>268</ymax>
    </bndbox>
  </object>
  <object>
    <name>t</name>
    <pose>Unspecified</pose>
    <truncated>0</truncated>
    <difficult>0</difficult>
    <bndbox>
      <xmin>205</xmin>
      <ymin>19</ymin>
      <xmax>353</xmax>
      <ymax>265</ymax>
    </bndbox>
  </object>
  <object>
    <name>y</name>
    <pose>Unspecified</pose>
    <truncated>0</truncated>
    <difficult>0</difficult>
    <bndbox>
      <xmin>288</xmin>
      <ymin>99</ymin>
      <xmax>448</xmax>
      <ymax>349</ymax>
    </bndbox>
  </object>
  <object>
    <name>l</name>
    <pose>Unspecified</pose>
    <truncated>0</truncated>
    <difficult>0</difficult>
    <bndbox>
      <xmin>446</xmin>
      <ymin>10</ymin>
      <xmax>559</xmax>
      <ymax>273</ymax>
    </bndbox>
  </object>
  <object>
    <name>e</name>
    <pose>Unspecified</pose>
    <truncated>0</truncated>
    <difficult>0</difficult>
    <bndbox>
      <xmin>513</xmin>
      <ymin>69</ymin>
      <xmax>658</xmax>
      <ymax>276</ymax>
    </bndbox>
  </object>
</annotation>
