<annotation>
  <folder>positive_images</folder>
  <filename>g29.jpg</filename>
  <path>/Users/uma/Documents/cmpe_257_assignment/data_training_assignment/positive_images/g29.jpg</path>
  <source>
    <database>Unknown</database>
  </source>
  <size>
    <width>1100</width>
    <height>730</height>
    <depth>3</depth>
  </size>
  <segmented>0</segmented>
  <object>
    <name>text</name>
    <pose>Unspecified</pose>
    <truncated>0</truncated>
    <difficult>0</difficult>
    <bndbox>
      <xmin>122</xmin>
      <ymin>224</ymin>
      <xmax>1009</xmax>
      <ymax>619</ymax>
    </bndbox>
  </object>
  <object>
    <name>S</name>
    <pose>Unspecified</pose>
    <truncated>0</truncated>
    <difficult>0</difficult>
    <bndbox>
      <xmin>146</xmin>
      <ymin>244</ymin>
      <xmax>352</xmax>
      <ymax>546</ymax>
    </bndbox>
  </object>
  <object>
    <name>h</name>
    <pose>Unspecified</pose>
    <truncated>0</truncated>
    <difficult>0</difficult>
    <bndbox>
      <xmin>323</xmin>
      <ymin>230</ymin>
      <xmax>515</xmax>
      <ymax>554</ymax>
    </bndbox>
  </object>
  <object>
    <name>a</name>
    <pose>Unspecified</pose>
    <truncated>0</truncated>
    <difficult>0</difficult>
    <bndbox>
      <xmin>499</xmin>
      <ymin>331</ymin>
      <xmax>667</xmax>
      <ymax>569</ymax>
    </bndbox>
  </object>
  <object>
    <name>n</name>
    <pose>Unspecified</pose>
    <truncated>0</truncated>
    <difficult>0</difficult>
    <bndbox>
      <xmin>660</xmin>
      <ymin>307</ymin>
      <xmax>861</xmax>
      <ymax>554</ymax>
    </bndbox>
  </object>
  <object>
    <name>e</name>
    <pose>Unspecified</pose>
    <truncated>0</truncated>
    <difficult>0</difficult>
    <bndbox>
      <xmin>845</xmin>
      <ymin>335</ymin>
      <xmax>1030</xmax>
      <ymax>582</ymax>
    </bndbox>
  </object>
</annotation>
