<annotation>
  <folder>positive_images</folder>
  <filename>g3.jpg</filename>
  <path>/Users/uma/Documents/cmpe_257_assignment/data_training_assignment/positive_images/g3.jpg</path>
  <source>
    <database>Unknown</database>
  </source>
  <size>
    <width>469</width>
    <height>290</height>
    <depth>3</depth>
  </size>
  <segmented>0</segmented>
  <object>
    <name>text</name>
    <pose>Unspecified</pose>
    <truncated>0</truncated>
    <difficult>0</difficult>
    <bndbox>
      <xmin>21</xmin>
      <ymin>23</ymin>
      <xmax>361</xmax>
      <ymax>234</ymax>
    </bndbox>
  </object>
  <object>
    <name>A</name>
    <pose>Unspecified</pose>
    <truncated>0</truncated>
    <difficult>0</difficult>
    <bndbox>
      <xmin>48</xmin>
      <ymin>39</ymin>
      <xmax>158</xmax>
      <ymax>222</ymax>
    </bndbox>
  </object>
  <object>
    <name>R</name>
    <pose>Unspecified</pose>
    <truncated>0</truncated>
    <difficult>0</difficult>
    <bndbox>
      <xmin>118</xmin>
      <ymin>39</ymin>
      <xmax>227</xmax>
      <ymax>190</ymax>
    </bndbox>
  </object>
  <object>
    <name>T</name>
    <pose>Unspecified</pose>
    <truncated>0</truncated>
    <difficult>0</difficult>
    <bndbox>
      <xmin>207</xmin>
      <ymin>36</ymin>
      <xmax>341</xmax>
      <ymax>181</ymax>
    </bndbox>
  </object>
</annotation>
