<annotation>
  <folder>positive_images</folder>
  <filename>g32.jpg</filename>
  <path>/Users/uma/Documents/cmpe_257_assignment/data_training_assignment/positive_images/g32.jpg</path>
  <source>
    <database>Unknown</database>
  </source>
  <size>
    <width>312</width>
    <height>161</height>
    <depth>3</depth>
  </size>
  <segmented>0</segmented>
  <object>
    <name>text</name>
    <pose>Unspecified</pose>
    <truncated>0</truncated>
    <difficult>0</difficult>
    <bndbox>
      <xmin>10</xmin>
      <ymin>27</ymin>
      <xmax>291</xmax>
      <ymax>121</ymax>
    </bndbox>
  </object>
  <object>
    <name>A</name>
    <pose>Unspecified</pose>
    <truncated>0</truncated>
    <difficult>0</difficult>
    <bndbox>
      <xmin>19</xmin>
      <ymin>26</ymin>
      <xmax>68</xmax>
      <ymax>114</ymax>
    </bndbox>
  </object>
  <object>
    <name>N</name>
    <pose>Unspecified</pose>
    <truncated>0</truncated>
    <difficult>0</difficult>
    <bndbox>
      <xmin>62</xmin>
      <ymin>30</ymin>
      <xmax>115</xmax>
      <ymax>119</ymax>
    </bndbox>
  </object>
  <object>
    <name>G</name>
    <pose>Unspecified</pose>
    <truncated>0</truncated>
    <difficult>0</difficult>
    <bndbox>
      <xmin>114</xmin>
      <ymin>34</ymin>
      <xmax>160</xmax>
      <ymax>109</ymax>
    </bndbox>
  </object>
  <object>
    <name>G</name>
    <pose>Unspecified</pose>
    <truncated>0</truncated>
    <difficult>0</difficult>
    <bndbox>
      <xmin>154</xmin>
      <ymin>41</ymin>
      <xmax>199</xmax>
      <ymax>109</ymax>
    </bndbox>
  </object>
  <object>
    <name>U</name>
    <pose>Unspecified</pose>
    <truncated>0</truncated>
    <difficult>0</difficult>
    <bndbox>
      <xmin>194</xmin>
      <ymin>41</ymin>
      <xmax>238</xmax>
      <ymax>118</ymax>
    </bndbox>
  </object>
  <object>
    <name>N</name>
    <pose>Unspecified</pose>
    <truncated>0</truncated>
    <difficult>0</difficult>
    <bndbox>
      <xmin>240</xmin>
      <ymin>38</ymin>
      <xmax>293</xmax>
      <ymax>114</ymax>
    </bndbox>
  </object>
</annotation>
