<annotation>
	<folder>positive_images</folder>
	<filename>g49.jpg</filename>
	<path>/Users/uma/Documents/cmpe_257_assignment/data_training_assignment/positive_images/g49.jpg</path>
	<source>
		<database>Unknown</database>
	</source>
	<size>
		<width>259</width>
		<height>194</height>
		<depth>3</depth>
	</size>
	<segmented>0</segmented>
	<object>
		<name>text</name>
		<pose>Unspecified</pose>
		<truncated>0</truncated>
		<difficult>0</difficult>
		<bndbox>
			<xmin>91</xmin>
			<ymin>107</ymin>
			<xmax>248</xmax>
			<ymax>166</ymax>
		</bndbox>
	</object>
	<object>
		<name>A</name>
		<pose>Unspecified</pose>
		<truncated>0</truncated>
		<difficult>0</difficult>
		<bndbox>
			<xmin>92</xmin>
			<ymin>109</ymin>
			<xmax>134</xmax>
			<ymax>165</ymax>
		</bndbox>
	</object>
	<object>
		<name>C</name>
		<pose>Unspecified</pose>
		<truncated>0</truncated>
		<difficult>0</difficult>
		<bndbox>
			<xmin>129</xmin>
			<ymin>111</ymin>
			<xmax>171</xmax>
			<ymax>166</ymax>
		</bndbox>
	</object>
	<object>
		<name>A</name>
		<pose>Unspecified</pose>
		<truncated>0</truncated>
		<difficult>0</difficult>
		<bndbox>
			<xmin>166</xmin>
			<ymin>109</ymin>
			<xmax>204</xmax>
			<ymax>167</ymax>
		</bndbox>
	</object>
	<object>
		<name>B</name>
		<pose>Unspecified</pose>
		<truncated>0</truncated>
		<difficult>0</difficult>
		<bndbox>
			<xmin>196</xmin>
			<ymin>108</ymin>
			<xmax>246</xmax>
			<ymax>165</ymax>
		</bndbox>
	</object>
</annotation>
