<annotation>
  <folder>positive_images</folder>
  <filename>g7.jpg</filename>
  <path>/Users/uma/Documents/cmpe_257_assignment/data_training_assignment/positive_images/g7.jpg</path>
  <source>
    <database>Unknown</database>
  </source>
  <size>
    <width>1280</width>
    <height>720</height>
    <depth>3</depth>
  </size>
  <segmented>0</segmented>
  <object>
    <name>text</name>
    <pose>Unspecified</pose>
    <truncated>0</truncated>
    <difficult>0</difficult>
    <bndbox>
      <xmin>171</xmin>
      <ymin>127</ymin>
      <xmax>1113</xmax>
      <ymax>588</ymax>
    </bndbox>
  </object>
  <object>
    <name>J</name>
    <pose>Unspecified</pose>
    <truncated>0</truncated>
    <difficult>0</difficult>
    <bndbox>
      <xmin>185</xmin>
      <ymin>140</ymin>
      <xmax>485</xmax>
      <ymax>566</ymax>
    </bndbox>
  </object>
  <object>
    <name>A</name>
    <pose>Unspecified</pose>
    <truncated>0</truncated>
    <difficult>0</difficult>
    <bndbox>
      <xmin>449</xmin>
      <ymin>226</ymin>
      <xmax>660</xmax>
      <ymax>552</ymax>
    </bndbox>
  </object>
  <object>
    <name>C</name>
    <pose>Unspecified</pose>
    <truncated>0</truncated>
    <difficult>0</difficult>
    <bndbox>
      <xmin>617</xmin>
      <ymin>160</ymin>
      <xmax>814</xmax>
      <ymax>477</ymax>
    </bndbox>
  </object>
  <object>
    <name>K</name>
    <pose>Unspecified</pose>
    <truncated>0</truncated>
    <difficult>0</difficult>
    <bndbox>
      <xmin>796</xmin>
      <ymin>110</ymin>
      <xmax>1083</xmax>
      <ymax>549</ymax>
    </bndbox>
  </object>
</annotation>
