<annotation>
	<folder>positive_images</folder>
	<filename>g82.jpg</filename>
	<path>/Users/uma/Documents/cmpe_257_assignment/data_training_assignment/positive_images/g82.jpg</path>
	<source>
		<database>Unknown</database>
	</source>
	<size>
		<width>4160</width>
		<height>3120</height>
		<depth>3</depth>
	</size>
	<segmented>0</segmented>
	<object>
		<name>text</name>
		<pose>Unspecified</pose>
		<truncated>0</truncated>
		<difficult>0</difficult>
		<bndbox>
			<xmin>527</xmin>
			<ymin>649</ymin>
			<xmax>3895</xmax>
			<ymax>2186</ymax>
		</bndbox>
	</object>
	<object>
		<name>H</name>
		<pose>Unspecified</pose>
		<truncated>0</truncated>
		<difficult>0</difficult>
		<bndbox>
			<xmin>680</xmin>
			<ymin>681</ymin>
			<xmax>1617</xmax>
			<ymax>2102</ymax>
		</bndbox>
	</object>
	<object>
		<name>A</name>
		<pose>Unspecified</pose>
		<truncated>0</truncated>
		<difficult>0</difficult>
		<bndbox>
			<xmin>1564</xmin>
			<ymin>723</ymin>
			<xmax>2217</xmax>
			<ymax>2060</ymax>
		</bndbox>
	</object>
	<object>
		<name>Y</name>
		<pose>Unspecified</pose>
		<truncated>0</truncated>
		<difficult>0</difficult>
		<bndbox>
			<xmin>2048</xmin>
			<ymin>654</ymin>
			<xmax>2795</xmax>
			<ymax>2270</ymax>
		</bndbox>
	</object>
	<object>
		<name>L</name>
		<pose>Unspecified</pose>
		<truncated>0</truncated>
		<difficult>0</difficult>
		<bndbox>
			<xmin>2553</xmin>
			<ymin>665</ymin>
			<xmax>3148</xmax>
			<ymax>1944</ymax>
		</bndbox>
	</object>
	<object>
		<name>S</name>
		<pose>Unspecified</pose>
		<truncated>0</truncated>
		<difficult>0</difficult>
		<bndbox>
			<xmin>3017</xmin>
			<ymin>665</ymin>
			<xmax>3801</xmax>
			<ymax>2018</ymax>
		</bndbox>
	</object>
</annotation>
