<annotation>
	<folder>positive_images</folder>
	<filename>g85.jpg</filename>
	<path>/Users/uma/Documents/cmpe_257_assignment/data_training_assignment/positive_images/g85.jpg</path>
	<source>
		<database>Unknown</database>
	</source>
	<size>
		<width>1039</width>
		<height>1300</height>
		<depth>1</depth>
	</size>
	<segmented>0</segmented>
	<object>
		<name>text</name>
		<pose>Unspecified</pose>
		<truncated>0</truncated>
		<difficult>0</difficult>
		<bndbox>
			<xmin>117</xmin>
			<ymin>152</ymin>
			<xmax>940</xmax>
			<ymax>1147</ymax>
		</bndbox>
	</object>
	<object>
		<name>H</name>
		<pose>Unspecified</pose>
		<truncated>0</truncated>
		<difficult>0</difficult>
		<bndbox>
			<xmin>219</xmin>
			<ymin>233</ymin>
			<xmax>874</xmax>
			<ymax>1081</ymax>
		</bndbox>
	</object>
</annotation>
