<annotation>
  <folder>positive_images</folder>
  <filename>images.jpg</filename>
  <path>/Users/uma/Documents/cmpe_257_assignment/data_training_assignment/positive_images/images.jpg</path>
  <source>
    <database>Unknown</database>
  </source>
  <size>
    <width>277</width>
    <height>182</height>
    <depth>3</depth>
  </size>
  <segmented>0</segmented>
  <object>
    <name>text</name>
    <pose>Unspecified</pose>
    <truncated>0</truncated>
    <difficult>0</difficult>
    <bndbox>
      <xmin>30</xmin>
      <ymin>29</ymin>
      <xmax>258</xmax>
      <ymax>150</ymax>
    </bndbox>
  </object>
  <object>
    <name>S</name>
    <pose>Unspecified</pose>
    <truncated>0</truncated>
    <difficult>0</difficult>
    <bndbox>
      <xmin>30</xmin>
      <ymin>26</ymin>
      <xmax>110</xmax>
      <ymax>128</ymax>
    </bndbox>
  </object>
  <object>
    <name>t</name>
    <pose>Unspecified</pose>
    <truncated>0</truncated>
    <difficult>0</difficult>
    <bndbox>
      <xmin>107</xmin>
      <ymin>37</ymin>
      <xmax>133</xmax>
      <ymax>118</ymax>
    </bndbox>
  </object>
  <object>
    <name>R</name>
    <pose>Unspecified</pose>
    <truncated>0</truncated>
    <difficult>0</difficult>
    <bndbox>
      <xmin>125</xmin>
      <ymin>68</ymin>
      <xmax>156</xmax>
      <ymax>114</ymax>
    </bndbox>
  </object>
  <object>
    <name>e</name>
    <pose>Unspecified</pose>
    <truncated>0</truncated>
    <difficult>0</difficult>
    <bndbox>
      <xmin>156</xmin>
      <ymin>60</ymin>
      <xmax>181</xmax>
      <ymax>103</ymax>
    </bndbox>
  </object>
  <object>
    <name>e</name>
    <pose>Unspecified</pose>
    <truncated>0</truncated>
    <difficult>0</difficult>
    <bndbox>
      <xmin>185</xmin>
      <ymin>63</ymin>
      <xmax>210</xmax>
      <ymax>104</ymax>
    </bndbox>
  </object>
  <object>
    <name>t</name>
    <pose>Unspecified</pose>
    <truncated>0</truncated>
    <difficult>0</difficult>
    <bndbox>
      <xmin>211</xmin>
      <ymin>59</ymin>
      <xmax>233</xmax>
      <ymax>114</ymax>
    </bndbox>
  </object>
  <object>
    <name>L</name>
    <pose>Unspecified</pose>
    <truncated>0</truncated>
    <difficult>0</difficult>
    <bndbox>
      <xmin>162</xmin>
      <ymin>92</ymin>
      <xmax>183</xmax>
      <ymax>143</ymax>
    </bndbox>
  </object>
  <object>
    <name>i</name>
    <pose>Unspecified</pose>
    <truncated>0</truncated>
    <difficult>0</difficult>
    <bndbox>
      <xmin>182</xmin>
      <ymin>106</ymin>
      <xmax>192</xmax>
      <ymax>143</ymax>
    </bndbox>
  </object>
  <object>
    <name>f</name>
    <pose>Unspecified</pose>
    <truncated>0</truncated>
    <difficult>0</difficult>
    <bndbox>
      <xmin>190</xmin>
      <ymin>99</ymin>
      <xmax>203</xmax>
      <ymax>142</ymax>
    </bndbox>
  </object>
  <object>
    <name>e</name>
    <pose>Unspecified</pose>
    <truncated>0</truncated>
    <difficult>0</difficult>
    <bndbox>
      <xmin>199</xmin>
      <ymin>116</ymin>
      <xmax>217</xmax>
      <ymax>145</ymax>
    </bndbox>
  </object>
</annotation>
