<annotation>
  <folder>positive_images</folder>
  <filename>images_12.jpg</filename>
  <path>/Users/uma/Documents/cmpe_257_assignment/data_training_assignment/positive_images/images_12.jpg</path>
  <source>
    <database>Unknown</database>
  </source>
  <size>
    <width>269</width>
    <height>188</height>
    <depth>3</depth>
  </size>
  <segmented>0</segmented>
  <object>
    <name>text</name>
    <pose>Unspecified</pose>
    <truncated>0</truncated>
    <difficult>0</difficult>
    <bndbox>
      <xmin>1</xmin>
      <ymin>1</ymin>
      <xmax>260</xmax>
      <ymax>179</ymax>
    </bndbox>
  </object>
  <object>
    <name>K</name>
    <pose>Unspecified</pose>
    <truncated>0</truncated>
    <difficult>0</difficult>
    <bndbox>
      <xmin>1</xmin>
      <ymin>1</ymin>
      <xmax>59</xmax>
      <ymax>84</ymax>
    </bndbox>
  </object>
  <object>
    <name>L</name>
    <pose>Unspecified</pose>
    <truncated>0</truncated>
    <difficult>0</difficult>
    <bndbox>
      <xmin>61</xmin>
      <ymin>1</ymin>
      <xmax>118</xmax>
      <ymax>77</ymax>
    </bndbox>
  </object>
  <object>
    <name>M</name>
    <pose>Unspecified</pose>
    <truncated>0</truncated>
    <difficult>0</difficult>
    <bndbox>
      <xmin>122</xmin>
      <ymin>1</ymin>
      <xmax>188</xmax>
      <ymax>89</ymax>
    </bndbox>
  </object>
  <object>
    <name>N</name>
    <pose>Unspecified</pose>
    <truncated>0</truncated>
    <difficult>0</difficult>
    <bndbox>
      <xmin>190</xmin>
      <ymin>1</ymin>
      <xmax>256</xmax>
      <ymax>87</ymax>
    </bndbox>
  </object>
  <object>
    <name>O</name>
    <pose>Unspecified</pose>
    <truncated>0</truncated>
    <difficult>0</difficult>
    <bndbox>
      <xmin>2</xmin>
      <ymin>88</ymin>
      <xmax>32</xmax>
      <ymax>174</ymax>
    </bndbox>
  </object>
  <object>
    <name>P</name>
    <pose>Unspecified</pose>
    <truncated>0</truncated>
    <difficult>0</difficult>
    <bndbox>
      <xmin>34</xmin>
      <ymin>88</ymin>
      <xmax>86</xmax>
      <ymax>178</ymax>
    </bndbox>
  </object>
  <object>
    <name>Q</name>
    <pose>Unspecified</pose>
    <truncated>0</truncated>
    <difficult>0</difficult>
    <bndbox>
      <xmin>86</xmin>
      <ymin>86</ymin>
      <xmax>137</xmax>
      <ymax>175</ymax>
    </bndbox>
  </object>
  <object>
    <name>R</name>
    <pose>Unspecified</pose>
    <truncated>0</truncated>
    <difficult>0</difficult>
    <bndbox>
      <xmin>138</xmin>
      <ymin>87</ymin>
      <xmax>194</xmax>
      <ymax>173</ymax>
    </bndbox>
  </object>
  <object>
    <name>S</name>
    <pose>Unspecified</pose>
    <truncated>0</truncated>
    <difficult>0</difficult>
    <bndbox>
      <xmin>196</xmin>
      <ymin>90</ymin>
      <xmax>261</xmax>
      <ymax>176</ymax>
    </bndbox>
  </object>
</annotation>
