<annotation>
	<folder>positive_images</folder>
	<filename>text-speech-balloon-comic-book-comics-cool.jpg</filename>
	<path>/Users/uma/Documents/cmpe_257_assignment/data_training_assignment/positive_images/text-speech-balloon-comic-book-comics-cool.jpg</path>
	<source>
		<database>Unknown</database>
	</source>
	<size>
		<width>800</width>
		<height>800</height>
		<depth>3</depth>
	</size>
	<segmented>0</segmented>
	<object>
		<name>text</name>
		<pose>Unspecified</pose>
		<truncated>0</truncated>
		<difficult>0</difficult>
		<bndbox>
			<xmin>123</xmin>
			<ymin>105</ymin>
			<xmax>773</xmax>
			<ymax>551</ymax>
		</bndbox>
	</object>
	<object>
		<name>C</name>
		<pose>Unspecified</pose>
		<truncated>0</truncated>
		<difficult>0</difficult>
		<bndbox>
			<xmin>134</xmin>
			<ymin>234</ymin>
			<xmax>278</xmax>
			<ymax>455</ymax>
		</bndbox>
	</object>
	<object>
		<name>O</name>
		<pose>Unspecified</pose>
		<truncated>0</truncated>
		<difficult>0</difficult>
		<bndbox>
			<xmin>266</xmin>
			<ymin>192</ymin>
			<xmax>414</xmax>
			<ymax>493</ymax>
		</bndbox>
	</object>
	<object>
		<name>O</name>
		<pose>Unspecified</pose>
		<truncated>0</truncated>
		<difficult>0</difficult>
		<bndbox>
			<xmin>407</xmin>
			<ymin>131</ymin>
			<xmax>542</xmax>
			<ymax>501</ymax>
		</bndbox>
	</object>
	<object>
		<name>L</name>
		<pose>Unspecified</pose>
		<truncated>0</truncated>
		<difficult>0</difficult>
		<bndbox>
			<xmin>544</xmin>
			<ymin>119</ymin>
			<xmax>645</xmax>
			<ymax>501</ymax>
		</bndbox>
	</object>
</annotation>
