<annotation>
  <folder>positive_images</folder>
  <filename>urban-graffiti-mockup_23-2147762888.jpg</filename>
  <path>/Users/uma/Documents/cmpe_257_assignment/data_training_assignment/positive_images/urban-graffiti-mockup_23-2147762888.jpg</path>
  <source>
    <database>Unknown</database>
  </source>
  <size>
    <width>625</width>
    <height>417</height>
    <depth>3</depth>
  </size>
  <segmented>0</segmented>
  <object>
    <name>text</name>
    <pose>Unspecified</pose>
    <truncated>0</truncated>
    <difficult>0</difficult>
    <bndbox>
      <xmin>66</xmin>
      <ymin>70</ymin>
      <xmax>557</xmax>
      <ymax>339</ymax>
    </bndbox>
  </object>
  <object>
    <name>F</name>
    <pose>Unspecified</pose>
    <truncated>0</truncated>
    <difficult>0</difficult>
    <bndbox>
      <xmin>79</xmin>
      <ymin>72</ymin>
      <xmax>205</xmax>
      <ymax>325</ymax>
    </bndbox>
  </object>
  <object>
    <name>u</name>
    <pose>Unspecified</pose>
    <truncated>0</truncated>
    <difficult>0</difficult>
    <bndbox>
      <xmin>179</xmin>
      <ymin>113</ymin>
      <xmax>292</xmax>
      <ymax>305</ymax>
    </bndbox>
  </object>
  <object>
    <name>N</name>
    <pose>Unspecified</pose>
    <truncated>0</truncated>
    <difficult>0</difficult>
    <bndbox>
      <xmin>283</xmin>
      <ymin>86</ymin>
      <xmax>402</xmax>
      <ymax>310</ymax>
    </bndbox>
  </object>
  <object>
    <name>K</name>
    <pose>Unspecified</pose>
    <truncated>0</truncated>
    <difficult>0</difficult>
    <bndbox>
      <xmin>391</xmin>
      <ymin>80</ymin>
      <xmax>550</xmax>
      <ymax>315</ymax>
    </bndbox>
  </object>
</annotation>
