<annotation>
	<folder>negative_images</folder>
	<filename>021519-smiley-1280x720.jpg</filename>
	<path>/Users/uma/Documents/cmpe_257_assignment/data_training_assignment/negative_images/021519-smiley-1280x720.jpg</path>
	<source>
		<database>Unknown</database>
	</source>
	<size>
		<width>1280</width>
		<height>720</height>
		<depth>3</depth>
	</size>
	<segmented>0</segmented>
	<object>
		<name>no_text</name>
		<pose>Unspecified</pose>
		<truncated>0</truncated>
		<difficult>0</difficult>
		<bndbox>
			<xmin>125</xmin>
			<ymin>29</ymin>
			<xmax>1121</xmax>
			<ymax>708</ymax>
		</bndbox>
	</object>
</annotation>
