<annotation>
	<folder>negative_images</folder>
	<filename>1-human-face-graffiti-kyna-studio.jpg</filename>
	<path>/Users/uma/Documents/cmpe_257_assignment/data_training_assignment/negative_images/1-human-face-graffiti-kyna-studio.jpg</path>
	<source>
		<database>Unknown</database>
	</source>
	<size>
		<width>600</width>
		<height>900</height>
		<depth>3</depth>
	</size>
	<segmented>0</segmented>
	<object>
		<name>no_text</name>
		<pose>Unspecified</pose>
		<truncated>1</truncated>
		<difficult>0</difficult>
		<bndbox>
			<xmin>9</xmin>
			<ymin>5</ymin>
			<xmax>600</xmax>
			<ymax>885</ymax>
		</bndbox>
	</object>
</annotation>
