<annotation>
	<folder>negative_images</folder>
	<filename>109521275-graffiti-silly-smiling-icon-face-in-black-over-white.jpg</filename>
	<path>/Users/uma/Documents/cmpe_257_assignment/data_training_assignment/negative_images/109521275-graffiti-silly-smiling-icon-face-in-black-over-white.jpg</path>
	<source>
		<database>Unknown</database>
	</source>
	<size>
		<width>1264</width>
		<height>1300</height>
		<depth>1</depth>
	</size>
	<segmented>0</segmented>
	<object>
		<name>no_text</name>
		<pose>Unspecified</pose>
		<truncated>0</truncated>
		<difficult>0</difficult>
		<bndbox>
			<xmin>73</xmin>
			<ymin>85</ymin>
			<xmax>1250</xmax>
			<ymax>1297</ymax>
		</bndbox>
	</object>
</annotation>
