<annotation>
	<folder>negative_images</folder>
	<filename>109521276-graffiti-sprayed-square-face-icon-in-black-over-white.jpg</filename>
	<path>/Users/uma/Documents/cmpe_257_assignment/data_training_assignment/negative_images/109521276-graffiti-sprayed-square-face-icon-in-black-over-white.jpg</path>
	<source>
		<database>Unknown</database>
	</source>
	<size>
		<width>1270</width>
		<height>1300</height>
		<depth>1</depth>
	</size>
	<segmented>0</segmented>
	<object>
		<name>no_text</name>
		<pose>Unspecified</pose>
		<truncated>1</truncated>
		<difficult>0</difficult>
		<bndbox>
			<xmin>30</xmin>
			<ymin>25</ymin>
			<xmax>1270</xmax>
			<ymax>1289</ymax>
		</bndbox>
	</object>
</annotation>
