<annotation>
	<folder>negative_images</folder>
	<filename>1278294-568640-14.jpg</filename>
	<path>/Users/uma/Documents/cmpe_257_assignment/data_training_assignment/negative_images/1278294-568640-14.jpg</path>
	<source>
		<database>Unknown</database>
	</source>
	<size>
		<width>396</width>
		<height>500</height>
		<depth>3</depth>
	</size>
	<segmented>0</segmented>
	<object>
		<name>no_text</name>
		<pose>Unspecified</pose>
		<truncated>0</truncated>
		<difficult>0</difficult>
		<bndbox>
			<xmin>22</xmin>
			<ymin>4</ymin>
			<xmax>383</xmax>
			<ymax>476</ymax>
		</bndbox>
	</object>
</annotation>
