<annotation>
	<folder>negative_images</folder>
	<filename>191004111104-01-george-w-bus-veterans-paintings-full-169.jpg</filename>
	<path>/Users/uma/Documents/cmpe_257_assignment/data_training_assignment/negative_images/191004111104-01-george-w-bus-veterans-paintings-full-169.jpg</path>
	<source>
		<database>Unknown</database>
	</source>
	<size>
		<width>1600</width>
		<height>900</height>
		<depth>3</depth>
	</size>
	<segmented>0</segmented>
	<object>
		<name>no_text</name>
		<pose>Unspecified</pose>
		<truncated>1</truncated>
		<difficult>0</difficult>
		<bndbox>
			<xmin>145</xmin>
			<ymin>4</ymin>
			<xmax>1517</xmax>
			<ymax>900</ymax>
		</bndbox>
	</object>
</annotation>
