<annotation>
	<folder>negative_images</folder>
	<filename>1_fd6ae98e-d747-4437-9c80-776e44ba583e_750x.jpg</filename>
	<path>/Users/uma/Documents/cmpe_257_assignment/data_training_assignment/negative_images/1_fd6ae98e-d747-4437-9c80-776e44ba583e_750x.jpg</path>
	<source>
		<database>Unknown</database>
	</source>
	<size>
		<width>750</width>
		<height>938</height>
		<depth>3</depth>
	</size>
	<segmented>0</segmented>
	<object>
		<name>no_text</name>
		<pose>Unspecified</pose>
		<truncated>1</truncated>
		<difficult>0</difficult>
		<bndbox>
			<xmin>4</xmin>
			<ymin>1</ymin>
			<xmax>746</xmax>
			<ymax>938</ymax>
		</bndbox>
	</object>
</annotation>
