<annotation>
	<folder>negative_images</folder>
	<filename>2018-06-10-19-51-33.jpg</filename>
	<path>/Users/uma/Documents/cmpe_257_assignment/data_training_assignment/negative_images/2018-06-10-19-51-33.jpg</path>
	<source>
		<database>Unknown</database>
	</source>
	<size>
		<width>3120</width>
		<height>4160</height>
		<depth>3</depth>
	</size>
	<segmented>0</segmented>
	<object>
		<name>no_text</name>
		<pose>Unspecified</pose>
		<truncated>0</truncated>
		<difficult>0</difficult>
		<bndbox>
			<xmin>106</xmin>
			<ymin>33</ymin>
			<xmax>2973</xmax>
			<ymax>4027</ymax>
		</bndbox>
	</object>
</annotation>
