<annotation>
	<folder>negative_images</folder>
	<filename>20190127_600_4654369F-6192-4BE7-A6E4-70C12A7E88F7.jpg</filename>
	<path>/Users/uma/Documents/cmpe_257_assignment/data_training_assignment/negative_images/20190127_600_4654369F-6192-4BE7-A6E4-70C12A7E88F7.jpg</path>
	<source>
		<database>Unknown</database>
	</source>
	<size>
		<width>337</width>
		<height>600</height>
		<depth>3</depth>
	</size>
	<segmented>0</segmented>
	<object>
		<name>no_text</name>
		<pose>Unspecified</pose>
		<truncated>0</truncated>
		<difficult>0</difficult>
		<bndbox>
			<xmin>94</xmin>
			<ymin>33</ymin>
			<xmax>298</xmax>
			<ymax>545</ymax>
		</bndbox>
	</object>
</annotation>
