<annotation>
	<folder>negative_images</folder>
	<filename>2019-02-11-11-32-36-1200x900.jpg</filename>
	<path>/Users/uma/Documents/cmpe_257_assignment/data_training_assignment/negative_images/2019-02-11-11-32-36-1200x900.jpg</path>
	<source>
		<database>Unknown</database>
	</source>
	<size>
		<width>1200</width>
		<height>900</height>
		<depth>3</depth>
	</size>
	<segmented>0</segmented>
	<object>
		<name>no_text</name>
		<pose>Unspecified</pose>
		<truncated>0</truncated>
		<difficult>0</difficult>
		<bndbox>
			<xmin>11</xmin>
			<ymin>6</ymin>
			<xmax>1193</xmax>
			<ymax>897</ymax>
		</bndbox>
	</object>
</annotation>
