<annotation>
	<folder>negative_images</folder>
	<filename>20658583-graffiti-of-a-screaming-face-on-a-wall-in-magaluf-majorca-.jpg</filename>
	<path>/Users/uma/Documents/cmpe_257_assignment/data_training_assignment/negative_images/20658583-graffiti-of-a-screaming-face-on-a-wall-in-magaluf-majorca-.jpg</path>
	<source>
		<database>Unknown</database>
	</source>
	<size>
		<width>975</width>
		<height>1300</height>
		<depth>3</depth>
	</size>
	<segmented>0</segmented>
	<object>
		<name>no_text</name>
		<pose>Unspecified</pose>
		<truncated>1</truncated>
		<difficult>0</difficult>
		<bndbox>
			<xmin>8</xmin>
			<ymin>6</ymin>
			<xmax>975</xmax>
			<ymax>1289</ymax>
		</bndbox>
	</object>
</annotation>
