<annotation>
	<folder>negative_images</folder>
	<filename>229411dfbbf93990ab04b1eef47942c7-320-80.jpg</filename>
	<path>/Users/uma/Documents/cmpe_257_assignment/data_training_assignment/negative_images/229411dfbbf93990ab04b1eef47942c7-320-80.jpg</path>
	<source>
		<database>Unknown</database>
	</source>
	<size>
		<width>320</width>
		<height>179</height>
		<depth>3</depth>
	</size>
	<segmented>0</segmented>
	<object>
		<name>no_text</name>
		<pose>Unspecified</pose>
		<truncated>1</truncated>
		<difficult>0</difficult>
		<bndbox>
			<xmin>1</xmin>
			<ymin>1</ymin>
			<xmax>318</xmax>
			<ymax>179</ymax>
		</bndbox>
	</object>
</annotation>
