<annotation>
	<folder>negative_images</folder>
	<filename>271a3d8837fc4e5529ce855b89bbd056_1842252bf2f6_t.jpg</filename>
	<path>/Users/uma/Documents/cmpe_257_assignment/data_training_assignment/negative_images/271a3d8837fc4e5529ce855b89bbd056_1842252bf2f6_t.jpg</path>
	<source>
		<database>Unknown</database>
	</source>
	<size>
		<width>300</width>
		<height>200</height>
		<depth>3</depth>
	</size>
	<segmented>0</segmented>
	<object>
		<name>no_text</name>
		<pose>Unspecified</pose>
		<truncated>1</truncated>
		<difficult>0</difficult>
		<bndbox>
			<xmin>31</xmin>
			<ymin>27</ymin>
			<xmax>295</xmax>
			<ymax>200</ymax>
		</bndbox>
	</object>
</annotation>
