<annotation>
	<folder>negative_images</folder>
	<filename>278206-artwork-painting-graffiti-face-women-Skullcandy-headphones-simple_background-selective_coloring-748x421.jpg</filename>
	<path>/Users/uma/Documents/cmpe_257_assignment/data_training_assignment/negative_images/278206-artwork-painting-graffiti-face-women-Skullcandy-headphones-simple_background-selective_coloring-748x421.jpg</path>
	<source>
		<database>Unknown</database>
	</source>
	<size>
		<width>748</width>
		<height>421</height>
		<depth>3</depth>
	</size>
	<segmented>0</segmented>
	<object>
		<name>no_text</name>
		<pose>Unspecified</pose>
		<truncated>0</truncated>
		<difficult>0</difficult>
		<bndbox>
			<xmin>13</xmin>
			<ymin>5</ymin>
			<xmax>747</xmax>
			<ymax>419</ymax>
		</bndbox>
	</object>
</annotation>
