<annotation>
	<folder>negative_images</folder>
	<filename>2afa60c01b60a33219c144708f70eae0.jpg</filename>
	<path>/Users/uma/Documents/cmpe_257_assignment/data_training_assignment/negative_images/2afa60c01b60a33219c144708f70eae0.jpg</path>
	<source>
		<database>Unknown</database>
	</source>
	<size>
		<width>720</width>
		<height>738</height>
		<depth>3</depth>
	</size>
	<segmented>0</segmented>
	<object>
		<name>no_text</name>
		<pose>Unspecified</pose>
		<truncated>0</truncated>
		<difficult>0</difficult>
		<bndbox>
			<xmin>7</xmin>
			<ymin>3</ymin>
			<xmax>719</xmax>
			<ymax>730</ymax>
		</bndbox>
	</object>
</annotation>
