<annotation>
	<folder>negative_images</folder>
	<filename>3145910-GMGSWQAC-6.jpg</filename>
	<path>/Users/uma/Documents/cmpe_257_assignment/data_training_assignment/negative_images/3145910-GMGSWQAC-6.jpg</path>
	<source>
		<database>Unknown</database>
	</source>
	<size>
		<width>375</width>
		<height>446</height>
		<depth>3</depth>
	</size>
	<segmented>0</segmented>
	<object>
		<name>no_text</name>
		<pose>Unspecified</pose>
		<truncated>0</truncated>
		<difficult>0</difficult>
		<bndbox>
			<xmin>32</xmin>
			<ymin>9</ymin>
			<xmax>360</xmax>
			<ymax>445</ymax>
		</bndbox>
	</object>
</annotation>
