<annotation>
	<folder>negative_images</folder>
	<filename>32846791_1626631094122760_9015129297672732672_n.jpg</filename>
	<path>/Users/uma/Documents/cmpe_257_assignment/data_training_assignment/negative_images/32846791_1626631094122760_9015129297672732672_n.jpg</path>
	<source>
		<database>Unknown</database>
	</source>
	<size>
		<width>1080</width>
		<height>809</height>
		<depth>3</depth>
	</size>
	<segmented>0</segmented>
	<object>
		<name>no_text</name>
		<pose>Unspecified</pose>
		<truncated>0</truncated>
		<difficult>0</difficult>
		<bndbox>
			<xmin>32</xmin>
			<ymin>19</ymin>
			<xmax>1071</xmax>
			<ymax>690</ymax>
		</bndbox>
	</object>
</annotation>
