<annotation>
	<folder>negative_images</folder>
	<filename>3a3b3b57a2f5e1881b9d56a7922ecfea.jpg</filename>
	<path>/Users/uma/Documents/cmpe_257_assignment/data_training_assignment/negative_images/3a3b3b57a2f5e1881b9d56a7922ecfea.jpg</path>
	<source>
		<database>Unknown</database>
	</source>
	<size>
		<width>348</width>
		<height>512</height>
		<depth>3</depth>
	</size>
	<segmented>0</segmented>
	<object>
		<name>no_text</name>
		<pose>Unspecified</pose>
		<truncated>0</truncated>
		<difficult>0</difficult>
		<bndbox>
			<xmin>5</xmin>
			<ymin>4</ymin>
			<xmax>345</xmax>
			<ymax>509</ymax>
		</bndbox>
	</object>
</annotation>
