<annotation>
	<folder>negative_images</folder>
	<filename>43765348-graffiti-mural-female-face.jpg</filename>
	<path>/Users/uma/Documents/cmpe_257_assignment/data_training_assignment/negative_images/43765348-graffiti-mural-female-face.jpg</path>
	<source>
		<database>Unknown</database>
	</source>
	<size>
		<width>865</width>
		<height>1300</height>
		<depth>3</depth>
	</size>
	<segmented>0</segmented>
	<object>
		<name>no_text</name>
		<pose>Unspecified</pose>
		<truncated>1</truncated>
		<difficult>0</difficult>
		<bndbox>
			<xmin>7</xmin>
			<ymin>4</ymin>
			<xmax>861</xmax>
			<ymax>1300</ymax>
		</bndbox>
	</object>
</annotation>
