<annotation>
	<folder>negative_images</folder>
	<filename>4939336.jpg</filename>
	<path>/Users/uma/Documents/cmpe_257_assignment/data_training_assignment/negative_images/4939336.jpg</path>
	<source>
		<database>Unknown</database>
	</source>
	<size>
		<width>632</width>
		<height>421</height>
		<depth>3</depth>
	</size>
	<segmented>0</segmented>
	<object>
		<name>no_text</name>
		<pose>Unspecified</pose>
		<truncated>0</truncated>
		<difficult>0</difficult>
		<bndbox>
			<xmin>49</xmin>
			<ymin>5</ymin>
			<xmax>596</xmax>
			<ymax>414</ymax>
		</bndbox>
	</object>
</annotation>
