<annotation>
	<folder>negative_images</folder>
	<filename>4a167fbc-9ea4-11e7-9ec9-85ec91da29d2.jpg</filename>
	<path>/Users/uma/Documents/cmpe_257_assignment/data_training_assignment/negative_images/4a167fbc-9ea4-11e7-9ec9-85ec91da29d2.jpg</path>
	<source>
		<database>Unknown</database>
	</source>
	<size>
		<width>497</width>
		<height>640</height>
		<depth>3</depth>
	</size>
	<segmented>0</segmented>
	<object>
		<name>no_text</name>
		<pose>Unspecified</pose>
		<truncated>1</truncated>
		<difficult>0</difficult>
		<bndbox>
			<xmin>8</xmin>
			<ymin>4</ymin>
			<xmax>497</xmax>
			<ymax>473</ymax>
		</bndbox>
	</object>
	<object>
		<name>no_text</name>
		<pose>Unspecified</pose>
		<truncated>1</truncated>
		<difficult>0</difficult>
		<bndbox>
			<xmin>9</xmin>
			<ymin>5</ymin>
			<xmax>495</xmax>
			<ymax>640</ymax>
		</bndbox>
	</object>
</annotation>
