<annotation>
	<folder>negative_images</folder>
	<filename>4b6addb7efb2e57bf78c25a410be91b9.jpg</filename>
	<path>/Users/uma/Documents/cmpe_257_assignment/data_training_assignment/negative_images/4b6addb7efb2e57bf78c25a410be91b9.jpg</path>
	<source>
		<database>Unknown</database>
	</source>
	<size>
		<width>257</width>
		<height>380</height>
		<depth>3</depth>
	</size>
	<segmented>0</segmented>
	<object>
		<name>no_text</name>
		<pose>Unspecified</pose>
		<truncated>1</truncated>
		<difficult>0</difficult>
		<bndbox>
			<xmin>6</xmin>
			<ymin>2</ymin>
			<xmax>254</xmax>
			<ymax>380</ymax>
		</bndbox>
	</object>
</annotation>
