<annotation>
	<folder>negative_images</folder>
	<filename>500_F_232392096_LbYzPP6540THSO4BX8oemxpHeksmNTAZ.jpg</filename>
	<path>/Users/uma/Documents/cmpe_257_assignment/data_training_assignment/negative_images/500_F_232392096_LbYzPP6540THSO4BX8oemxpHeksmNTAZ.jpg</path>
	<source>
		<database>Unknown</database>
	</source>
	<size>
		<width>500</width>
		<height>387</height>
		<depth>3</depth>
	</size>
	<segmented>0</segmented>
	<object>
		<name>no_text</name>
		<pose>Unspecified</pose>
		<truncated>1</truncated>
		<difficult>0</difficult>
		<bndbox>
			<xmin>8</xmin>
			<ymin>12</ymin>
			<xmax>500</xmax>
			<ymax>359</ymax>
		</bndbox>
	</object>
</annotation>
