<annotation>
	<folder>negative_images</folder>
	<filename>61aca170d04109645f6899e9d01a4001.jpg</filename>
	<path>/Users/uma/Documents/cmpe_257_assignment/data_training_assignment/negative_images/61aca170d04109645f6899e9d01a4001.jpg</path>
	<source>
		<database>Unknown</database>
	</source>
	<size>
		<width>640</width>
		<height>427</height>
		<depth>3</depth>
	</size>
	<segmented>0</segmented>
	<object>
		<name>no_text</name>
		<pose>Unspecified</pose>
		<truncated>1</truncated>
		<difficult>0</difficult>
		<bndbox>
			<xmin>15</xmin>
			<ymin>1</ymin>
			<xmax>632</xmax>
			<ymax>403</ymax>
		</bndbox>
	</object>
</annotation>
