<annotation>
	<folder>negative_images</folder>
	<filename>640x640_10_b8537016-54ec-47f1-973a-55a84c18ef7b_300x.jpg</filename>
	<path>/Users/uma/Documents/cmpe_257_assignment/data_training_assignment/negative_images/640x640_10_b8537016-54ec-47f1-973a-55a84c18ef7b_300x.jpg</path>
	<source>
		<database>Unknown</database>
	</source>
	<size>
		<width>300</width>
		<height>300</height>
		<depth>3</depth>
	</size>
	<segmented>0</segmented>
	<object>
		<name>no_text</name>
		<pose>Unspecified</pose>
		<truncated>1</truncated>
		<difficult>0</difficult>
		<bndbox>
			<xmin>7</xmin>
			<ymin>1</ymin>
			<xmax>300</xmax>
			<ymax>295</ymax>
		</bndbox>
	</object>
</annotation>
