<annotation>
	<folder>negative_images</folder>
	<filename>73789466graffiti.jpg</filename>
	<path>/Users/uma/Documents/cmpe_257_assignment/data_training_assignment/negative_images/73789466graffiti.jpg</path>
	<source>
		<database>Unknown</database>
	</source>
	<size>
		<width>566</width>
		<height>700</height>
		<depth>3</depth>
	</size>
	<segmented>0</segmented>
	<object>
		<name>no_text</name>
		<pose>Unspecified</pose>
		<truncated>0</truncated>
		<difficult>0</difficult>
		<bndbox>
			<xmin>7</xmin>
			<ymin>3</ymin>
			<xmax>561</xmax>
			<ymax>698</ymax>
		</bndbox>
	</object>
</annotation>
