<annotation>
	<folder>negative_images</folder>
	<filename>770804-bigthumbnail.jpg</filename>
	<path>/Users/uma/Documents/cmpe_257_assignment/data_training_assignment/negative_images/770804-bigthumbnail.jpg</path>
	<source>
		<database>Unknown</database>
	</source>
	<size>
		<width>450</width>
		<height>338</height>
		<depth>1</depth>
	</size>
	<segmented>0</segmented>
	<object>
		<name>no_text</name>
		<pose>Unspecified</pose>
		<truncated>1</truncated>
		<difficult>0</difficult>
		<bndbox>
			<xmin>16</xmin>
			<ymin>1</ymin>
			<xmax>441</xmax>
			<ymax>338</ymax>
		</bndbox>
	</object>
</annotation>
