<annotation>
	<folder>negative_images</folder>
	<filename>7c9de95b-9f17-4844-92cc-791730560b2aJPG.jpg</filename>
	<path>/Users/uma/Documents/cmpe_257_assignment/data_training_assignment/negative_images/7c9de95b-9f17-4844-92cc-791730560b2aJPG.jpg</path>
	<source>
		<database>Unknown</database>
	</source>
	<size>
		<width>400</width>
		<height>300</height>
		<depth>3</depth>
	</size>
	<segmented>0</segmented>
	<object>
		<name>no_text</name>
		<pose>Unspecified</pose>
		<truncated>1</truncated>
		<difficult>0</difficult>
		<bndbox>
			<xmin>126</xmin>
			<ymin>32</ymin>
			<xmax>400</xmax>
			<ymax>297</ymax>
		</bndbox>
	</object>
</annotation>
