<annotation>
	<folder>negative_images</folder>
	<filename>800219-mamata-banerjee-s-painting.jpg</filename>
	<path>/Users/uma/Documents/cmpe_257_assignment/data_training_assignment/negative_images/800219-mamata-banerjee-s-painting.jpg</path>
	<source>
		<database>Unknown</database>
	</source>
	<size>
		<width>1280</width>
		<height>720</height>
		<depth>3</depth>
	</size>
	<segmented>0</segmented>
	<object>
		<name>no_text</name>
		<pose>Unspecified</pose>
		<truncated>0</truncated>
		<difficult>0</difficult>
		<bndbox>
			<xmin>10</xmin>
			<ymin>11</ymin>
			<xmax>1272</xmax>
			<ymax>713</ymax>
		</bndbox>
	</object>
</annotation>
