<annotation>
	<folder>negative_images</folder>
	<filename>804arfn8nvg31.jpg</filename>
	<path>/Users/uma/Documents/cmpe_257_assignment/data_training_assignment/negative_images/804arfn8nvg31.jpg</path>
	<source>
		<database>Unknown</database>
	</source>
	<size>
		<width>3024</width>
		<height>4032</height>
		<depth>3</depth>
	</size>
	<segmented>0</segmented>
	<object>
		<name>no_text</name>
		<pose>Unspecified</pose>
		<truncated>0</truncated>
		<difficult>0</difficult>
		<bndbox>
			<xmin>791</xmin>
			<ymin>155</ymin>
			<xmax>2005</xmax>
			<ymax>3863</ymax>
		</bndbox>
	</object>
</annotation>
