<annotation>
	<folder>negative_images</folder>
	<filename>8c13e4ed19c77c28718975cb1621dfce.jpg</filename>
	<path>/Users/uma/Documents/cmpe_257_assignment/data_training_assignment/negative_images/8c13e4ed19c77c28718975cb1621dfce.jpg</path>
	<source>
		<database>Unknown</database>
	</source>
	<size>
		<width>332</width>
		<height>460</height>
		<depth>3</depth>
	</size>
	<segmented>0</segmented>
	<object>
		<name>no_text</name>
		<pose>Unspecified</pose>
		<truncated>0</truncated>
		<difficult>0</difficult>
		<bndbox>
			<xmin>8</xmin>
			<ymin>7</ymin>
			<xmax>245</xmax>
			<ymax>458</ymax>
		</bndbox>
	</object>
</annotation>
