<annotation>
	<folder>negative_images</folder>
	<filename>abstract-painitng-idea-2.jpg</filename>
	<path>/Users/uma/Documents/cmpe_257_assignment/data_training_assignment/negative_images/abstract-painitng-idea-2.jpg</path>
	<source>
		<database>Unknown</database>
	</source>
	<size>
		<width>600</width>
		<height>688</height>
		<depth>3</depth>
	</size>
	<segmented>0</segmented>
	<object>
		<name>no_text</name>
		<pose>Unspecified</pose>
		<truncated>1</truncated>
		<difficult>0</difficult>
		<bndbox>
			<xmin>54</xmin>
			<ymin>38</ymin>
			<xmax>528</xmax>
			<ymax>688</ymax>
		</bndbox>
	</object>
</annotation>
