<annotation>
	<folder>negative_images</folder>
	<filename>abstract-painting-sunset-palm-large.jpg</filename>
	<path>/Users/uma/Documents/cmpe_257_assignment/data_training_assignment/negative_images/abstract-painting-sunset-palm-large.jpg</path>
	<source>
		<database>Unknown</database>
	</source>
	<size>
		<width>743</width>
		<height>600</height>
		<depth>3</depth>
	</size>
	<segmented>0</segmented>
	<object>
		<name>no_text</name>
		<pose>Unspecified</pose>
		<truncated>0</truncated>
		<difficult>0</difficult>
		<bndbox>
			<xmin>48</xmin>
			<ymin>49</ymin>
			<xmax>702</xmax>
			<ymax>524</ymax>
		</bndbox>
	</object>
</annotation>
