<annotation>
	<folder>negative_images</folder>
	<filename>Alaa_Awad-painting-on-Papyrus-05.jpg</filename>
	<path>/Users/uma/Documents/cmpe_257_assignment/data_training_assignment/negative_images/Alaa_Awad-painting-on-Papyrus-05.jpg</path>
	<source>
		<database>Unknown</database>
	</source>
	<size>
		<width>826</width>
		<height>1200</height>
		<depth>3</depth>
	</size>
	<segmented>0</segmented>
	<object>
		<name>no_text</name>
		<pose>Unspecified</pose>
		<truncated>1</truncated>
		<difficult>0</difficult>
		<bndbox>
			<xmin>164</xmin>
			<ymin>69</ymin>
			<xmax>826</xmax>
			<ymax>1200</ymax>
		</bndbox>
	</object>
</annotation>
