<annotation>
	<folder>negative_images</folder>
	<filename>alec-monopoly-pop-art-face-graffiti-wall-art-canvas-modern-pop-art-modern-wall-art-l-85ad1e15b04c0705.jpg</filename>
	<path>/Users/uma/Documents/cmpe_257_assignment/data_training_assignment/negative_images/alec-monopoly-pop-art-face-graffiti-wall-art-canvas-modern-pop-art-modern-wall-art-l-85ad1e15b04c0705.jpg</path>
	<source>
		<database>Unknown</database>
	</source>
	<size>
		<width>800</width>
		<height>994</height>
		<depth>3</depth>
	</size>
	<segmented>0</segmented>
	<object>
		<name>no_text</name>
		<pose>Unspecified</pose>
		<truncated>0</truncated>
		<difficult>0</difficult>
		<bndbox>
			<xmin>27</xmin>
			<ymin>9</ymin>
			<xmax>796</xmax>
			<ymax>944</ymax>
		</bndbox>
	</object>
</annotation>
