<annotation>
	<folder>negative_images</folder>
	<filename>Alex-Face-727gallery.com.l_1.jpg</filename>
	<path>/Users/uma/Documents/cmpe_257_assignment/data_training_assignment/negative_images/Alex-Face-727gallery.com.l_1.jpg</path>
	<source>
		<database>Unknown</database>
	</source>
	<size>
		<width>1200</width>
		<height>600</height>
		<depth>3</depth>
	</size>
	<segmented>0</segmented>
	<object>
		<name>no_text</name>
		<pose>Unspecified</pose>
		<truncated>0</truncated>
		<difficult>0</difficult>
		<bndbox>
			<xmin>16</xmin>
			<ymin>3</ymin>
			<xmax>1195</xmax>
			<ymax>591</ymax>
		</bndbox>
	</object>
</annotation>
