<annotation>
	<folder>negative_images</folder>
	<filename>alex-face-bangkok.jpg</filename>
	<path>/Users/uma/Documents/cmpe_257_assignment/data_training_assignment/negative_images/alex-face-bangkok.jpg</path>
	<source>
		<database>Unknown</database>
	</source>
	<size>
		<width>1024</width>
		<height>683</height>
		<depth>3</depth>
	</size>
	<segmented>0</segmented>
	<object>
		<name>no_text</name>
		<pose>Unspecified</pose>
		<truncated>1</truncated>
		<difficult>0</difficult>
		<bndbox>
			<xmin>48</xmin>
			<ymin>76</ymin>
			<xmax>912</xmax>
			<ymax>683</ymax>
		</bndbox>
	</object>
</annotation>
