<annotation verified="yes">
	<folder>negative_images</folder>
	<filename>artistic-graffiti-brick-face-wallpaper-preview.jpg</filename>
	<path>/Users/uma/Documents/cmpe_257_assignment/data_training_assignment/negative_images/artistic-graffiti-brick-face-wallpaper-preview.jpg</path>
	<source>
		<database>Unknown</database>
	</source>
	<size>
		<width>728</width>
		<height>546</height>
		<depth>3</depth>
	</size>
	<segmented>0</segmented>
	<object>
		<name>no_text</name>
		<pose>Unspecified</pose>
		<truncated>0</truncated>
		<difficult>0</difficult>
		<bndbox>
			<xmin>6</xmin>
			<ymin>4</ymin>
			<xmax>721</xmax>
			<ymax>541</ymax>
		</bndbox>
	</object>
</annotation>
