<annotation>
	<folder>negative_images</folder>
	<filename>bangkok-graffiti-artist-alex-face-banner.jpg</filename>
	<path>/Users/uma/Documents/cmpe_257_assignment/data_training_assignment/negative_images/bangkok-graffiti-artist-alex-face-banner.jpg</path>
	<source>
		<database>Unknown</database>
	</source>
	<size>
		<width>1024</width>
		<height>683</height>
		<depth>3</depth>
	</size>
	<segmented>0</segmented>
	<object>
		<name>no_text</name>
		<pose>Unspecified</pose>
		<truncated>0</truncated>
		<difficult>0</difficult>
		<bndbox>
			<xmin>6</xmin>
			<ymin>3</ymin>
			<xmax>1023</xmax>
			<ymax>680</ymax>
		</bndbox>
	</object>
</annotation>
