<annotation>
	<folder>negative_images</folder>
	<filename>Bangkok-graffiti-alex-face.jpg</filename>
	<path>/Users/uma/Documents/cmpe_257_assignment/data_training_assignment/negative_images/Bangkok-graffiti-alex-face.jpg</path>
	<source>
		<database>Unknown</database>
	</source>
	<size>
		<width>1000</width>
		<height>667</height>
		<depth>3</depth>
	</size>
	<segmented>0</segmented>
	<object>
		<name>no_text</name>
		<pose>Unspecified</pose>
		<truncated>1</truncated>
		<difficult>0</difficult>
		<bndbox>
			<xmin>2</xmin>
			<ymin>5</ymin>
			<xmax>1000</xmax>
			<ymax>661</ymax>
		</bndbox>
	</object>
</annotation>
