<annotation>
	<folder>negative_images</folder>
	<filename>Big-Wave-Acrylic-Painting-800x800.jpg</filename>
	<path>/Users/uma/Documents/cmpe_257_assignment/data_training_assignment/negative_images/Big-Wave-Acrylic-Painting-800x800.jpg</path>
	<source>
		<database>Unknown</database>
	</source>
	<size>
		<width>800</width>
		<height>800</height>
		<depth>3</depth>
	</size>
	<segmented>0</segmented>
	<object>
		<name>no_text</name>
		<pose>Unspecified</pose>
		<truncated>0</truncated>
		<difficult>0</difficult>
		<bndbox>
			<xmin>20</xmin>
			<ymin>98</ymin>
			<xmax>783</xmax>
			<ymax>706</ymax>
		</bndbox>
	</object>
</annotation>
