<annotation>
	<folder>negative_images</folder>
	<filename>bizarre-face-two-different-halves-of-face-graffiti-street-art-40-grad-F592M4.jpg</filename>
	<path>/Users/uma/Documents/cmpe_257_assignment/data_training_assignment/negative_images/bizarre-face-two-different-halves-of-face-graffiti-street-art-40-grad-F592M4.jpg</path>
	<source>
		<database>Unknown</database>
	</source>
	<size>
		<width>1300</width>
		<height>957</height>
		<depth>3</depth>
	</size>
	<segmented>0</segmented>
	<object>
		<name>no_text</name>
		<pose>Unspecified</pose>
		<truncated>1</truncated>
		<difficult>0</difficult>
		<bndbox>
			<xmin>7</xmin>
			<ymin>48</ymin>
			<xmax>1300</xmax>
			<ymax>868</ymax>
		</bndbox>
	</object>
</annotation>
