<annotation>
	<folder>negative_images</folder>
	<filename>blue-monster-with-a-funny-monkey-face-graffiti-street-art-dsseldorf-F130YC.jpg</filename>
	<path>/Users/uma/Documents/cmpe_257_assignment/data_training_assignment/negative_images/blue-monster-with-a-funny-monkey-face-graffiti-street-art-dsseldorf-F130YC.jpg</path>
	<source>
		<database>Unknown</database>
	</source>
	<size>
		<width>1300</width>
		<height>956</height>
		<depth>3</depth>
	</size>
	<segmented>0</segmented>
	<object>
		<name>no_text</name>
		<pose>Unspecified</pose>
		<truncated>0</truncated>
		<difficult>0</difficult>
		<bndbox>
			<xmin>7</xmin>
			<ymin>10</ymin>
			<xmax>1296</xmax>
			<ymax>860</ymax>
		</bndbox>
	</object>
</annotation>
