<annotation>
	<folder>negative_images</folder>
	<filename>cartoon-image-of-worried-little-worm-with-sad-face-graffiti-image-C1J1YK.jpg</filename>
	<path>/Users/uma/Documents/cmpe_257_assignment/data_training_assignment/negative_images/cartoon-image-of-worried-little-worm-with-sad-face-graffiti-image-C1J1YK.jpg</path>
	<source>
		<database>Unknown</database>
	</source>
	<size>
		<width>884</width>
		<height>1390</height>
		<depth>3</depth>
	</size>
	<segmented>0</segmented>
	<object>
		<name>no_text</name>
		<pose>Unspecified</pose>
		<truncated>1</truncated>
		<difficult>0</difficult>
		<bndbox>
			<xmin>17</xmin>
			<ymin>10</ymin>
			<xmax>884</xmax>
			<ymax>1308</ymax>
		</bndbox>
	</object>
</annotation>
