<annotation>
	<folder>negative_images</folder>
	<filename>childs-face-graffiti-bogota.jpg</filename>
	<path>/Users/uma/Documents/cmpe_257_assignment/data_training_assignment/negative_images/childs-face-graffiti-bogota.jpg</path>
	<source>
		<database>Unknown</database>
	</source>
	<size>
		<width>4608</width>
		<height>3072</height>
		<depth>3</depth>
	</size>
	<segmented>0</segmented>
	<object>
		<name>no_text</name>
		<pose>Unspecified</pose>
		<truncated>1</truncated>
		<difficult>0</difficult>
		<bndbox>
			<xmin>33</xmin>
			<ymin>24</ymin>
			<xmax>4608</xmax>
			<ymax>3055</ymax>
		</bndbox>
	</object>
</annotation>
