<annotation>
	<folder>negative_images</folder>
	<filename>Cigoniska-meile-tapyba-gypsy-love-oil-painting-Odile-Norvilaite.jpg</filename>
	<path>/Users/uma/Documents/cmpe_257_assignment/data_training_assignment/negative_images/Cigoniska-meile-tapyba-gypsy-love-oil-painting-Odile-Norvilaite.jpg</path>
	<source>
		<database>Unknown</database>
	</source>
	<size>
		<width>700</width>
		<height>700</height>
		<depth>3</depth>
	</size>
	<segmented>0</segmented>
	<object>
		<name>no_text</name>
		<pose>Unspecified</pose>
		<truncated>0</truncated>
		<difficult>0</difficult>
		<bndbox>
			<xmin>108</xmin>
			<ymin>3</ymin>
			<xmax>598</xmax>
			<ymax>699</ymax>
		</bndbox>
	</object>
</annotation>
