<annotation>
	<folder>negative_images</folder>
	<filename>close-up-on-funny-surprised-face-graffiti-art-o-sheffield-uk-CBEDG5.jpg</filename>
	<path>/Users/uma/Documents/cmpe_257_assignment/data_training_assignment/negative_images/close-up-on-funny-surprised-face-graffiti-art-o-sheffield-uk-CBEDG5.jpg</path>
	<source>
		<database>Unknown</database>
	</source>
	<size>
		<width>1300</width>
		<height>960</height>
		<depth>3</depth>
	</size>
	<segmented>0</segmented>
	<object>
		<name>no_text</name>
		<pose>Unspecified</pose>
		<truncated>0</truncated>
		<difficult>0</difficult>
		<bndbox>
			<xmin>10</xmin>
			<ymin>7</ymin>
			<xmax>1296</xmax>
			<ymax>865</ymax>
		</bndbox>
	</object>
</annotation>
