<annotation>
	<folder>negative_images</folder>
	<filename>colorful-graffiti-people-women-wallpaper-preview.jpg</filename>
	<path>/Users/uma/Documents/cmpe_257_assignment/data_training_assignment/negative_images/colorful-graffiti-people-women-wallpaper-preview.jpg</path>
	<source>
		<database>Unknown</database>
	</source>
	<size>
		<width>728</width>
		<height>410</height>
		<depth>3</depth>
	</size>
	<segmented>0</segmented>
	<object>
		<name>no_text</name>
		<pose>Unspecified</pose>
		<truncated>1</truncated>
		<difficult>0</difficult>
		<bndbox>
			<xmin>3</xmin>
			<ymin>3</ymin>
			<xmax>728</xmax>
			<ymax>407</ymax>
		</bndbox>
	</object>
</annotation>
