<annotation>
	<folder>negative_images</folder>
	<filename>Colorful-Einstein-Face-Street-Graffiti-Wall-Art-Painting-Abstract-Figure-Picture-Print-on-Canvas-for-Home.jpg_q50.jpg</filename>
	<path>/Users/uma/Documents/cmpe_257_assignment/data_training_assignment/negative_images/Colorful-Einstein-Face-Street-Graffiti-Wall-Art-Painting-Abstract-Figure-Picture-Print-on-Canvas-for-Home.jpg_q50.jpg</path>
	<source>
		<database>Unknown</database>
	</source>
	<size>
		<width>1000</width>
		<height>1000</height>
		<depth>3</depth>
	</size>
	<segmented>0</segmented>
	<object>
		<name>no_text</name>
		<pose>Unspecified</pose>
		<truncated>0</truncated>
		<difficult>0</difficult>
		<bndbox>
			<xmin>23</xmin>
			<ymin>17</ymin>
			<xmax>979</xmax>
			<ymax>987</ymax>
		</bndbox>
	</object>
</annotation>
