<annotation>
	<folder>negative_images</folder>
	<filename>Cuddly2BFaceJPG.jpg</filename>
	<path>/Users/uma/Documents/cmpe_257_assignment/data_training_assignment/negative_images/Cuddly2BFaceJPG.jpg</path>
	<source>
		<database>Unknown</database>
	</source>
	<size>
		<width>1066</width>
		<height>1600</height>
		<depth>3</depth>
	</size>
	<segmented>0</segmented>
	<object>
		<name>no_text</name>
		<pose>Unspecified</pose>
		<truncated>0</truncated>
		<difficult>0</difficult>
		<bndbox>
			<xmin>110</xmin>
			<ymin>25</ymin>
			<xmax>1038</xmax>
			<ymax>974</ymax>
		</bndbox>
	</object>
</annotation>
