<annotation>
	<folder>negative_images</folder>
	<filename>Denver-Mural-Spencer-McKee-4-1024x768.jpg</filename>
	<path>/Users/uma/Documents/cmpe_257_assignment/data_training_assignment/negative_images/Denver-Mural-Spencer-McKee-4-1024x768.jpg</path>
	<source>
		<database>Unknown</database>
	</source>
	<size>
		<width>1024</width>
		<height>768</height>
		<depth>3</depth>
	</size>
	<segmented>0</segmented>
	<object>
		<name>no_text</name>
		<pose>Unspecified</pose>
		<truncated>0</truncated>
		<difficult>0</difficult>
		<bndbox>
			<xmin>54</xmin>
			<ymin>19</ymin>
			<xmax>953</xmax>
			<ymax>596</ymax>
		</bndbox>
	</object>
</annotation>
