<annotation>
	<folder>negative_images</folder>
	<filename>devilish-face-graffiti-alley-cambridge.jpg</filename>
	<path>/Users/uma/Documents/cmpe_257_assignment/data_training_assignment/negative_images/devilish-face-graffiti-alley-cambridge.jpg</path>
	<source>
		<database>Unknown</database>
	</source>
	<size>
		<width>899</width>
		<height>1199</height>
		<depth>3</depth>
	</size>
	<segmented>0</segmented>
	<object>
		<name>no_text</name>
		<pose>Unspecified</pose>
		<truncated>0</truncated>
		<difficult>0</difficult>
		<bndbox>
			<xmin>43</xmin>
			<ymin>25</ymin>
			<xmax>853</xmax>
			<ymax>1127</ymax>
		</bndbox>
	</object>
</annotation>
