<annotation>
	<folder>negative_images</folder>
	<filename>dface_amsterdam_large.jpg</filename>
	<path>/Users/uma/Documents/cmpe_257_assignment/data_training_assignment/negative_images/dface_amsterdam_large.jpg</path>
	<source>
		<database>Unknown</database>
	</source>
	<size>
		<width>480</width>
		<height>480</height>
		<depth>3</depth>
	</size>
	<segmented>0</segmented>
	<object>
		<name>no_text</name>
		<pose>Unspecified</pose>
		<truncated>0</truncated>
		<difficult>0</difficult>
		<bndbox>
			<xmin>173</xmin>
			<ymin>35</ymin>
			<xmax>477</xmax>
			<ymax>478</ymax>
		</bndbox>
	</object>
</annotation>
