<annotation>
	<folder>negative_images</folder>
	<filename>dface-coney-art-walls-nyc.jpg</filename>
	<path>/Users/uma/Documents/cmpe_257_assignment/data_training_assignment/negative_images/dface-coney-art-walls-nyc.jpg</path>
	<source>
		<database>Unknown</database>
	</source>
	<size>
		<width>720</width>
		<height>487</height>
		<depth>3</depth>
	</size>
	<segmented>0</segmented>
	<object>
		<name>no_text</name>
		<pose>Unspecified</pose>
		<truncated>0</truncated>
		<difficult>0</difficult>
		<bndbox>
			<xmin>264</xmin>
			<ymin>82</ymin>
			<xmax>712</xmax>
			<ymax>410</ymax>
		</bndbox>
	</object>
</annotation>
