<annotation>
	<folder>negative_images</folder>
	<filename>display_7ae45648-aaae-4b33-bf2c-c909bcfdc15f_750x.jpg</filename>
	<path>/Users/uma/Documents/cmpe_257_assignment/data_training_assignment/negative_images/display_7ae45648-aaae-4b33-bf2c-c909bcfdc15f_750x.jpg</path>
	<source>
		<database>Unknown</database>
	</source>
	<size>
		<width>750</width>
		<height>750</height>
		<depth>3</depth>
	</size>
	<segmented>0</segmented>
	<object>
		<name>no_text</name>
		<pose>Unspecified</pose>
		<truncated>0</truncated>
		<difficult>0</difficult>
		<bndbox>
			<xmin>18</xmin>
			<ymin>84</ymin>
			<xmax>733</xmax>
			<ymax>614</ymax>
		</bndbox>
	</object>
</annotation>
