<annotation>
	<folder>negative_images</folder>
	<filename>diy-paint-by-number-kit-for-adults-on-canvas-love-in-london-home_250x2502x.jpg</filename>
	<path>/Users/uma/Documents/cmpe_257_assignment/data_training_assignment/negative_images/diy-paint-by-number-kit-for-adults-on-canvas-love-in-london-home_250x2502x.jpg</path>
	<source>
		<database>Unknown</database>
	</source>
	<size>
		<width>500</width>
		<height>404</height>
		<depth>3</depth>
	</size>
	<segmented>0</segmented>
	<object>
		<name>no_text</name>
		<pose>Unspecified</pose>
		<truncated>0</truncated>
		<difficult>0</difficult>
		<bndbox>
			<xmin>13</xmin>
			<ymin>11</ymin>
			<xmax>495</xmax>
			<ymax>396</ymax>
		</bndbox>
	</object>
</annotation>
