<annotation>
	<folder>negative_images</folder>
	<filename>DSC_0007.jpg</filename>
	<path>/Users/uma/Documents/cmpe_257_assignment/data_training_assignment/negative_images/DSC_0007.jpg</path>
	<source>
		<database>Unknown</database>
	</source>
	<size>
		<width>1565</width>
		<height>1600</height>
		<depth>3</depth>
	</size>
	<segmented>0</segmented>
	<object>
		<name>no_text</name>
		<pose>Unspecified</pose>
		<truncated>0</truncated>
		<difficult>0</difficult>
		<bndbox>
			<xmin>79</xmin>
			<ymin>63</ymin>
			<xmax>1495</xmax>
			<ymax>1407</ymax>
		</bndbox>
	</object>
</annotation>
