<annotation>
	<folder>negative_images</folder>
	<filename>DSC_9282.jpg</filename>
	<path>/Users/uma/Documents/cmpe_257_assignment/data_training_assignment/negative_images/DSC_9282.jpg</path>
	<source>
		<database>Unknown</database>
	</source>
	<size>
		<width>4928</width>
		<height>3264</height>
		<depth>3</depth>
	</size>
	<segmented>0</segmented>
	<object>
		<name>no_text</name>
		<pose>Unspecified</pose>
		<truncated>0</truncated>
		<difficult>0</difficult>
		<bndbox>
			<xmin>82</xmin>
			<ymin>38</ymin>
			<xmax>4882</xmax>
			<ymax>3238</ymax>
		</bndbox>
	</object>
</annotation>
