<annotation>
	<folder>negative_images</folder>
	<filename>Easy-Acrylic-Canvas-Painting-Ideas-for-Beginners-2.jpg</filename>
	<path>/Users/uma/Documents/cmpe_257_assignment/data_training_assignment/negative_images/Easy-Acrylic-Canvas-Painting-Ideas-for-Beginners-2.jpg</path>
	<source>
		<database>Unknown</database>
	</source>
	<size>
		<width>600</width>
		<height>768</height>
		<depth>3</depth>
	</size>
	<segmented>0</segmented>
	<object>
		<name>no_text</name>
		<pose>Unspecified</pose>
		<truncated>0</truncated>
		<difficult>0</difficult>
		<bndbox>
			<xmin>7</xmin>
			<ymin>6</ymin>
			<xmax>590</xmax>
			<ymax>712</ymax>
		</bndbox>
	</object>
</annotation>
