<annotation>
	<folder>negative_images</folder>
	<filename>expecting-acrylic-painting-by-teresa-wegrzyn-19863.jpg</filename>
	<path>/Users/uma/Documents/cmpe_257_assignment/data_training_assignment/negative_images/expecting-acrylic-painting-by-teresa-wegrzyn-19863.jpg</path>
	<source>
		<database>Unknown</database>
	</source>
	<size>
		<width>480</width>
		<height>640</height>
		<depth>3</depth>
	</size>
	<segmented>0</segmented>
	<object>
		<name>no_text</name>
		<pose>Unspecified</pose>
		<truncated>0</truncated>
		<difficult>0</difficult>
		<bndbox>
			<xmin>36</xmin>
			<ymin>40</ymin>
			<xmax>424</xmax>
			<ymax>607</ymax>
		</bndbox>
	</object>
</annotation>
