<annotation>
	<folder>negative_images</folder>
	<filename>face-graffiti-eyes-woman-face-woman-wallpaper-preview.jpg</filename>
	<path>/Users/uma/Documents/cmpe_257_assignment/data_training_assignment/negative_images/face-graffiti-eyes-woman-face-woman-wallpaper-preview.jpg</path>
	<source>
		<database>Unknown</database>
	</source>
	<size>
		<width>970</width>
		<height>545</height>
		<depth>3</depth>
	</size>
	<segmented>0</segmented>
	<object>
		<name>no_text</name>
		<pose>Unspecified</pose>
		<truncated>1</truncated>
		<difficult>0</difficult>
		<bndbox>
			<xmin>3</xmin>
			<ymin>4</ymin>
			<xmax>970</xmax>
			<ymax>542</ymax>
		</bndbox>
	</object>
</annotation>
