<annotation>
	<folder>negative_images</folder>
	<filename>gahr.jpg</filename>
	<path>/Users/uma/Documents/cmpe_257_assignment/data_training_assignment/negative_images/gahr.jpg</path>
	<source>
		<database>Unknown</database>
	</source>
	<size>
		<width>735</width>
		<height>1108</height>
		<depth>3</depth>
	</size>
	<segmented>0</segmented>
	<object>
		<name>no_text</name>
		<pose>Unspecified</pose>
		<truncated>1</truncated>
		<difficult>0</difficult>
		<bndbox>
			<xmin>12</xmin>
			<ymin>98</ymin>
			<xmax>735</xmax>
			<ymax>1099</ymax>
		</bndbox>
	</object>
</annotation>
