<annotation>
	<folder>negative_images</folder>
	<filename>girls-face-graffiti-barcelona-catalonia-spain-FCHFA3.jpg</filename>
	<path>/Users/uma/Documents/cmpe_257_assignment/data_training_assignment/negative_images/girls-face-graffiti-barcelona-catalonia-spain-FCHFA3.jpg</path>
	<source>
		<database>Unknown</database>
	</source>
	<size>
		<width>1300</width>
		<height>956</height>
		<depth>3</depth>
	</size>
	<segmented>0</segmented>
	<object>
		<name>no_text</name>
		<pose>Unspecified</pose>
		<truncated>0</truncated>
		<difficult>0</difficult>
		<bndbox>
			<xmin>10</xmin>
			<ymin>13</ymin>
			<xmax>1294</xmax>
			<ymax>867</ymax>
		</bndbox>
	</object>
</annotation>
