<annotation>
	<folder>negative_images</folder>
	<filename>graffiti-emoticon-happy-face-sprayed-in-black-vector-14310847.jpg</filename>
	<path>/Users/uma/Documents/cmpe_257_assignment/data_training_assignment/negative_images/graffiti-emoticon-happy-face-sprayed-in-black-vector-14310847.jpg</path>
	<source>
		<database>Unknown</database>
	</source>
	<size>
		<width>845</width>
		<height>1080</height>
		<depth>3</depth>
	</size>
	<segmented>0</segmented>
	<object>
		<name>no_text</name>
		<pose>Unspecified</pose>
		<truncated>0</truncated>
		<difficult>0</difficult>
		<bndbox>
			<xmin>134</xmin>
			<ymin>57</ymin>
			<xmax>779</xmax>
			<ymax>960</ymax>
		</bndbox>
	</object>
</annotation>
