<annotation>
	<folder>negative_images</folder>
	<filename>graffiti-laughing-icon-face-in-black-over-white-vector-20923087.jpg</filename>
	<path>/Users/uma/Documents/cmpe_257_assignment/data_training_assignment/negative_images/graffiti-laughing-icon-face-in-black-over-white-vector-20923087.jpg</path>
	<source>
		<database>Unknown</database>
	</source>
	<size>
		<width>1000</width>
		<height>1079</height>
		<depth>3</depth>
	</size>
	<segmented>0</segmented>
	<object>
		<name>no_text</name>
		<pose>Unspecified</pose>
		<truncated>0</truncated>
		<difficult>0</difficult>
		<bndbox>
			<xmin>71</xmin>
			<ymin>58</ymin>
			<xmax>966</xmax>
			<ymax>963</ymax>
		</bndbox>
	</object>
</annotation>
