<annotation>
	<folder>negative_images</folder>
	<filename>graffiti-smiley-happy-face-on-cement-wall-vandalism-menacing-eyes-B8NR9N.jpg</filename>
	<path>/Users/uma/Documents/cmpe_257_assignment/data_training_assignment/negative_images/graffiti-smiley-happy-face-on-cement-wall-vandalism-menacing-eyes-B8NR9N.jpg</path>
	<source>
		<database>Unknown</database>
	</source>
	<size>
		<width>1300</width>
		<height>953</height>
		<depth>3</depth>
	</size>
	<segmented>0</segmented>
	<object>
		<name>no_text</name>
		<pose>Unspecified</pose>
		<truncated>0</truncated>
		<difficult>0</difficult>
		<bndbox>
			<xmin>199</xmin>
			<ymin>55</ymin>
			<xmax>1075</xmax>
			<ymax>785</ymax>
		</bndbox>
	</object>
</annotation>
