<annotation>
	<folder>negative_images</folder>
	<filename>graffiti-art-street-street-art-wallpaper-preview.jpg</filename>
	<path>/Users/uma/Documents/cmpe_257_assignment/data_training_assignment/negative_images/graffiti-art-street-street-art-wallpaper-preview.jpg</path>
	<source>
		<database>Unknown</database>
	</source>
	<size>
		<width>970</width>
		<height>1293</height>
		<depth>3</depth>
	</size>
	<segmented>0</segmented>
	<object>
		<name>no_text</name>
		<pose>Unspecified</pose>
		<truncated>1</truncated>
		<difficult>0</difficult>
		<bndbox>
			<xmin>18</xmin>
			<ymin>9</ymin>
			<xmax>966</xmax>
			<ymax>1293</ymax>
		</bndbox>
	</object>
</annotation>
