<annotation>
	<folder>negative_images</folder>
	<filename>graffiti-wall-1209761__340.jpg</filename>
	<path>/Users/uma/Documents/cmpe_257_assignment/data_training_assignment/negative_images/graffiti-wall-1209761__340.jpg</path>
	<source>
		<database>Unknown</database>
	</source>
	<size>
		<width>510</width>
		<height>340</height>
		<depth>3</depth>
	</size>
	<segmented>0</segmented>
	<object>
		<name>no_text</name>
		<pose>Unspecified</pose>
		<truncated>0</truncated>
		<difficult>0</difficult>
		<bndbox>
			<xmin>4</xmin>
			<ymin>3</ymin>
			<xmax>509</xmax>
			<ymax>337</ymax>
		</bndbox>
	</object>
</annotation>
