<annotation>
	<folder>negative_images</folder>
	<filename>graffiti-emoticon-happy-face-sprayed-in-clip-art-vector_csp49159060.jpg</filename>
	<path>/Users/uma/Documents/cmpe_257_assignment/data_training_assignment/negative_images/graffiti-emoticon-happy-face-sprayed-in-clip-art-vector_csp49159060.jpg</path>
	<source>
		<database>Unknown</database>
	</source>
	<size>
		<width>381</width>
		<height>470</height>
		<depth>1</depth>
	</size>
	<segmented>0</segmented>
	<object>
		<name>no_text</name>
		<pose>Unspecified</pose>
		<truncated>0</truncated>
		<difficult>0</difficult>
		<bndbox>
			<xmin>48</xmin>
			<ymin>16</ymin>
			<xmax>378</xmax>
			<ymax>447</ymax>
		</bndbox>
	</object>
</annotation>
