<annotation>
	<folder>negative_images</folder>
	<filename>graffiti-sprayed-sad-face-icon-in-black-over-white-vector-21382880.jpg</filename>
	<path>/Users/uma/Documents/cmpe_257_assignment/data_training_assignment/negative_images/graffiti-sprayed-sad-face-icon-in-black-over-white-vector-21382880.jpg</path>
	<source>
		<database>Unknown</database>
	</source>
	<size>
		<width>1000</width>
		<height>1079</height>
		<depth>3</depth>
	</size>
	<segmented>0</segmented>
	<object>
		<name>no_text</name>
		<pose>Unspecified</pose>
		<truncated>0</truncated>
		<difficult>0</difficult>
		<bndbox>
			<xmin>70</xmin>
			<ymin>51</ymin>
			<xmax>987</xmax>
			<ymax>988</ymax>
		</bndbox>
	</object>
</annotation>
