<annotation>
	<folder>negative_images</folder>
	<filename>graffiti-grin-and-wink-icon-face-in-black-white-vector-20923084.jpg</filename>
	<path>/Users/uma/Documents/cmpe_257_assignment/data_training_assignment/negative_images/graffiti-grin-and-wink-icon-face-in-black-white-vector-20923084.jpg</path>
	<source>
		<database>Unknown</database>
	</source>
	<size>
		<width>979</width>
		<height>1080</height>
		<depth>3</depth>
	</size>
	<segmented>0</segmented>
	<object>
		<name>no_text</name>
		<pose>Unspecified</pose>
		<truncated>0</truncated>
		<difficult>0</difficult>
		<bndbox>
			<xmin>46</xmin>
			<ymin>44</ymin>
			<xmax>967</xmax>
			<ymax>989</ymax>
		</bndbox>
	</object>
</annotation>
