<annotation>
	<folder>negative_images</folder>
	<filename>graffiti-icon-graffiti.jpg</filename>
	<path>/Users/uma/Documents/cmpe_257_assignment/data_training_assignment/negative_images/graffiti-icon-graffiti.jpg</path>
	<source>
		<database>Unknown</database>
	</source>
	<size>
		<width>728</width>
		<height>973</height>
		<depth>3</depth>
	</size>
	<segmented>0</segmented>
	<object>
		<name>no_text</name>
		<pose>Unspecified</pose>
		<truncated>1</truncated>
		<difficult>0</difficult>
		<bndbox>
			<xmin>28</xmin>
			<ymin>2</ymin>
			<xmax>722</xmax>
			<ymax>973</ymax>
		</bndbox>
	</object>
</annotation>
