<annotation>
	<folder>negative_images</folder>
	<filename>graffiti-2854774_960_720.jpg</filename>
	<path>/Users/uma/Documents/cmpe_257_assignment/data_training_assignment/negative_images/graffiti-2854774_960_720.jpg</path>
	<source>
		<database>Unknown</database>
	</source>
	<size>
		<width>960</width>
		<height>720</height>
		<depth>3</depth>
	</size>
	<segmented>0</segmented>
	<object>
		<name>no_text</name>
		<pose>Unspecified</pose>
		<truncated>0</truncated>
		<difficult>0</difficult>
		<bndbox>
			<xmin>13</xmin>
			<ymin>6</ymin>
			<xmax>954</xmax>
			<ymax>709</ymax>
		</bndbox>
	</object>
</annotation>
