<annotation>
	<folder>negative_images</folder>
	<filename>graffiti-street-art-berlin-wall-cartoon-girl-face-EACG13.jpg</filename>
	<path>/Users/uma/Documents/cmpe_257_assignment/data_training_assignment/negative_images/graffiti-street-art-berlin-wall-cartoon-girl-face-EACG13.jpg</path>
	<source>
		<database>Unknown</database>
	</source>
	<size>
		<width>1300</width>
		<height>956</height>
		<depth>3</depth>
	</size>
	<segmented>0</segmented>
	<object>
		<name>no_text</name>
		<pose>Unspecified</pose>
		<truncated>0</truncated>
		<difficult>0</difficult>
		<bndbox>
			<xmin>19</xmin>
			<ymin>6</ymin>
			<xmax>1288</xmax>
			<ymax>856</ymax>
		</bndbox>
	</object>
</annotation>
