<annotation>
	<folder>negative_images</folder>
	<filename>graffiti-face_MyNzJPOd_SB_PM.jpg</filename>
	<path>/Users/uma/Documents/cmpe_257_assignment/data_training_assignment/negative_images/graffiti-face_MyNzJPOd_SB_PM.jpg</path>
	<source>
		<database>Unknown</database>
	</source>
	<size>
		<width>667</width>
		<height>1000</height>
		<depth>3</depth>
	</size>
	<segmented>0</segmented>
	<object>
		<name>no_text</name>
		<pose>Unspecified</pose>
		<truncated>0</truncated>
		<difficult>0</difficult>
		<bndbox>
			<xmin>6</xmin>
			<ymin>9</ymin>
			<xmax>663</xmax>
			<ymax>993</ymax>
		</bndbox>
	</object>
</annotation>
