<annotation>
	<folder>negative_images</folder>
	<filename>Graffiti-Drawings-Fashion-Beauty-Woman-Face-Street-0437.jpg</filename>
	<path>/Users/uma/Documents/cmpe_257_assignment/data_training_assignment/negative_images/Graffiti-Drawings-Fashion-Beauty-Woman-Face-Street-0437.jpg</path>
	<source>
		<database>Unknown</database>
	</source>
	<size>
		<width>596</width>
		<height>457</height>
		<depth>3</depth>
	</size>
	<segmented>0</segmented>
	<object>
		<name>no_text</name>
		<pose>Unspecified</pose>
		<truncated>0</truncated>
		<difficult>0</difficult>
		<bndbox>
			<xmin>5</xmin>
			<ymin>2</ymin>
			<xmax>594</xmax>
			<ymax>455</ymax>
		</bndbox>
	</object>
</annotation>
