<annotation>
	<folder>negative_images</folder>
	<filename>horses-wonderfull20digital20painting20by20a20great20artist20yemen20cumai-CyXZgFqJHG7TVqC.jpg</filename>
	<path>/Users/uma/Documents/cmpe_257_assignment/data_training_assignment/negative_images/horses-wonderfull20digital20painting20by20a20great20artist20yemen20cumai-CyXZgFqJHG7TVqC.jpg</path>
	<source>
		<database>Unknown</database>
	</source>
	<size>
		<width>880</width>
		<height>880</height>
		<depth>3</depth>
	</size>
	<segmented>0</segmented>
	<object>
		<name>no_text</name>
		<pose>Unspecified</pose>
		<truncated>1</truncated>
		<difficult>0</difficult>
		<bndbox>
			<xmin>5</xmin>
			<ymin>6</ymin>
			<xmax>880</xmax>
			<ymax>733</ymax>
		</bndbox>
	</object>
</annotation>
