<annotation>
	<folder>negative_images</folder>
	<filename>image.jpg</filename>
	<path>/Users/uma/Documents/cmpe_257_assignment/data_training_assignment/negative_images/image.jpg</path>
	<source>
		<database>Unknown</database>
	</source>
	<size>
		<width>1160</width>
		<height>849</height>
		<depth>3</depth>
	</size>
	<segmented>0</segmented>
	<object>
		<name>no_text</name>
		<pose>Unspecified</pose>
		<truncated>1</truncated>
		<difficult>0</difficult>
		<bndbox>
			<xmin>1</xmin>
			<ymin>1</ymin>
			<xmax>104</xmax>
			<ymax>104</ymax>
		</bndbox>
	</object>
	<object>
		<name>no_text</name>
		<pose>Unspecified</pose>
		<truncated>1</truncated>
		<difficult>0</difficult>
		<bndbox>
			<xmin>12</xmin>
			<ymin>4</ymin>
			<xmax>1160</xmax>
			<ymax>724</ymax>
		</bndbox>
	</object>
</annotation>
