<annotation>
	<folder>negative_images</folder>
	<filename>LionStyledBETTER_b0d46aff-2379-4fdd-8de3-b61034023e40_600x.jpg</filename>
	<path>/Users/uma/Documents/cmpe_257_assignment/data_training_assignment/negative_images/LionStyledBETTER_b0d46aff-2379-4fdd-8de3-b61034023e40_600x.jpg</path>
	<source>
		<database>Unknown</database>
	</source>
	<size>
		<width>600</width>
		<height>600</height>
		<depth>3</depth>
	</size>
	<segmented>0</segmented>
	<object>
		<name>no_text</name>
		<pose>Unspecified</pose>
		<truncated>1</truncated>
		<difficult>0</difficult>
		<bndbox>
			<xmin>6</xmin>
			<ymin>4</ymin>
			<xmax>596</xmax>
			<ymax>600</ymax>
		</bndbox>
	</object>
</annotation>
