<annotation>
	<folder>negative_images</folder>
	<filename>lkfziqpuatp3ugtafhhj.jpg</filename>
	<path>/Users/uma/Documents/cmpe_257_assignment/data_training_assignment/negative_images/lkfziqpuatp3ugtafhhj.jpg</path>
	<source>
		<database>Unknown</database>
	</source>
	<size>
		<width>1120</width>
		<height>1493</height>
		<depth>3</depth>
	</size>
	<segmented>0</segmented>
	<object>
		<name>no_text</name>
		<pose>Unspecified</pose>
		<truncated>1</truncated>
		<difficult>0</difficult>
		<bndbox>
			<xmin>14</xmin>
			<ymin>3</ymin>
			<xmax>1120</xmax>
			<ymax>1491</ymax>
		</bndbox>
	</object>
</annotation>
