<annotation>
	<folder>negative_images</folder>
	<filename>london-street-graffiti-woman-s-face-dragon-abstract-green-tongue-east-uk-73657972.jpg</filename>
	<path>/Users/uma/Documents/cmpe_257_assignment/data_training_assignment/negative_images/london-street-graffiti-woman-s-face-dragon-abstract-green-tongue-east-uk-73657972.jpg</path>
	<source>
		<database>Unknown</database>
	</source>
	<size>
		<width>1300</width>
		<height>957</height>
		<depth>3</depth>
	</size>
	<segmented>0</segmented>
	<object>
		<name>no_text</name>
		<pose>Unspecified</pose>
		<truncated>1</truncated>
		<difficult>0</difficult>
		<bndbox>
			<xmin>5</xmin>
			<ymin>2</ymin>
			<xmax>1300</xmax>
			<ymax>875</ymax>
		</bndbox>
	</object>
</annotation>
