<annotation>
	<folder>negative_images</folder>
	<filename>love-watercolor-painting-20.jpg</filename>
	<path>/Users/uma/Documents/cmpe_257_assignment/data_training_assignment/negative_images/love-watercolor-painting-20.jpg</path>
	<source>
		<database>Unknown</database>
	</source>
	<size>
		<width>1050</width>
		<height>1385</height>
		<depth>3</depth>
	</size>
	<segmented>0</segmented>
	<object>
		<name>no_text</name>
		<pose>Unspecified</pose>
		<truncated>0</truncated>
		<difficult>0</difficult>
		<bndbox>
			<xmin>7</xmin>
			<ymin>14</ymin>
			<xmax>1045</xmax>
			<ymax>1336</ymax>
		</bndbox>
	</object>
</annotation>
