<annotation>
	<folder>negative_images</folder>
	<filename>mashkow-08.jpg</filename>
	<path>/Users/uma/Documents/cmpe_257_assignment/data_training_assignment/negative_images/mashkow-08.jpg</path>
	<source>
		<database>Unknown</database>
	</source>
	<size>
		<width>1500</width>
		<height>1500</height>
		<depth>3</depth>
	</size>
	<segmented>0</segmented>
	<object>
		<name>no_text</name>
		<pose>Unspecified</pose>
		<truncated>0</truncated>
		<difficult>0</difficult>
		<bndbox>
			<xmin>16</xmin>
			<ymin>4</ymin>
			<xmax>373</xmax>
			<ymax>1499</ymax>
		</bndbox>
	</object>
	<object>
		<name>no_text</name>
		<pose>Unspecified</pose>
		<truncated>1</truncated>
		<difficult>0</difficult>
		<bndbox>
			<xmin>30</xmin>
			<ymin>982</ymin>
			<xmax>1500</xmax>
			<ymax>1478</ymax>
		</bndbox>
	</object>
</annotation>
