<annotation>
	<folder>negative_images</folder>
	<filename>mlxqvjd3z1gzi7jzdem8.jpg</filename>
	<path>/Users/uma/Documents/cmpe_257_assignment/data_training_assignment/negative_images/mlxqvjd3z1gzi7jzdem8.jpg</path>
	<source>
		<database>Unknown</database>
	</source>
	<size>
		<width>1120</width>
		<height>1493</height>
		<depth>3</depth>
	</size>
	<segmented>0</segmented>
	<object>
		<name>no_text</name>
		<pose>Unspecified</pose>
		<truncated>0</truncated>
		<difficult>0</difficult>
		<bndbox>
			<xmin>16</xmin>
			<ymin>6</ymin>
			<xmax>1116</xmax>
			<ymax>1482</ymax>
		</bndbox>
	</object>
</annotation>
