<annotation>
	<folder>negative_images</folder>
	<filename>monkey-face-graffiti-hackney-east-london-england-uk-BCFRF8.jpg</filename>
	<path>/Users/uma/Documents/cmpe_257_assignment/data_training_assignment/negative_images/monkey-face-graffiti-hackney-east-london-england-uk-BCFRF8.jpg</path>
	<source>
		<database>Unknown</database>
	</source>
	<size>
		<width>866</width>
		<height>1390</height>
		<depth>3</depth>
	</size>
	<segmented>0</segmented>
	<object>
		<name>no_text</name>
		<pose>Unspecified</pose>
		<truncated>1</truncated>
		<difficult>0</difficult>
		<bndbox>
			<xmin>1</xmin>
			<ymin>2</ymin>
			<xmax>864</xmax>
			<ymax>1299</ymax>
		</bndbox>
	</object>
</annotation>
