<annotation>
	<folder>negative_images</folder>
	<filename>monkey-face-graffiti-victor-zambrano0.jpg</filename>
	<path>/Users/uma/Documents/cmpe_257_assignment/data_training_assignment/negative_images/monkey-face-graffiti-victor-zambrano0.jpg</path>
	<source>
		<database>Unknown</database>
	</source>
	<size>
		<width>600</width>
		<height>450</height>
		<depth>3</depth>
	</size>
	<segmented>0</segmented>
	<object>
		<name>no_text</name>
		<pose>Unspecified</pose>
		<truncated>0</truncated>
		<difficult>0</difficult>
		<bndbox>
			<xmin>87</xmin>
			<ymin>98</ymin>
			<xmax>515</xmax>
			<ymax>449</ymax>
		</bndbox>
	</object>
</annotation>
