<annotation>
	<folder>negative_images</folder>
	<filename>mural-sprayed-on-wall-by-graffiti-artist-eoin-on-hanover-quay-in-dublin-CWJ4EB.jpg</filename>
	<path>/Users/uma/Documents/cmpe_257_assignment/data_training_assignment/negative_images/mural-sprayed-on-wall-by-graffiti-artist-eoin-on-hanover-quay-in-dublin-CWJ4EB.jpg</path>
	<source>
		<database>Unknown</database>
	</source>
	<size>
		<width>1300</width>
		<height>953</height>
		<depth>3</depth>
	</size>
	<segmented>0</segmented>
	<object>
		<name>no_text</name>
		<pose>Unspecified</pose>
		<truncated>0</truncated>
		<difficult>0</difficult>
		<bndbox>
			<xmin>8</xmin>
			<ymin>9</ymin>
			<xmax>1283</xmax>
			<ymax>688</ymax>
		</bndbox>
	</object>
</annotation>
