<annotation>
	<folder>negative_images</folder>
	<filename>Neck-Face-Untitled-Image-via-latacocom.jpg</filename>
	<path>/Users/uma/Documents/cmpe_257_assignment/data_training_assignment/negative_images/Neck-Face-Untitled-Image-via-latacocom.jpg</path>
	<source>
		<database>Unknown</database>
	</source>
	<size>
		<width>855</width>
		<height>539</height>
		<depth>3</depth>
	</size>
	<segmented>0</segmented>
	<object>
		<name>no_text</name>
		<pose>Unspecified</pose>
		<truncated>0</truncated>
		<difficult>0</difficult>
		<bndbox>
			<xmin>198</xmin>
			<ymin>68</ymin>
			<xmax>849</xmax>
			<ymax>454</ymax>
		</bndbox>
	</object>
</annotation>
