<annotation>
	<folder>negative_images</folder>
	<filename>Paint-Girls-Face-Urban-Wall-Graffiti-Creative-4454413.jpg</filename>
	<path>/Users/uma/Documents/cmpe_257_assignment/data_training_assignment/negative_images/Paint-Girls-Face-Urban-Wall-Graffiti-Creative-4454413.jpg</path>
	<source>
		<database>Unknown</database>
	</source>
	<size>
		<width>960</width>
		<height>640</height>
		<depth>3</depth>
	</size>
	<segmented>0</segmented>
	<object>
		<name>no_text</name>
		<pose>Unspecified</pose>
		<truncated>0</truncated>
		<difficult>0</difficult>
		<bndbox>
			<xmin>7</xmin>
			<ymin>5</ymin>
			<xmax>955</xmax>
			<ymax>471</ymax>
		</bndbox>
	</object>
</annotation>
