<annotation>
	<folder>negative_images</folder>
	<filename>Paw-Painting-_Stitch__800x800_SEPS-_2-1000x1000.jpg</filename>
	<path>/Users/uma/Documents/cmpe_257_assignment/data_training_assignment/negative_images/Paw-Painting-_Stitch__800x800_SEPS-_2-1000x1000.jpg</path>
	<source>
		<database>Unknown</database>
	</source>
	<size>
		<width>1000</width>
		<height>1000</height>
		<depth>3</depth>
	</size>
	<segmented>0</segmented>
	<object>
		<name>no_text</name>
		<pose>Unspecified</pose>
		<truncated>1</truncated>
		<difficult>0</difficult>
		<bndbox>
			<xmin>9</xmin>
			<ymin>9</ymin>
			<xmax>997</xmax>
			<ymax>1000</ymax>
		</bndbox>
	</object>
</annotation>
