<annotation>
	<folder>negative_images</folder>
	<filename>pexels-photo-623236.jpg</filename>
	<path>/Users/uma/Documents/cmpe_257_assignment/data_training_assignment/negative_images/pexels-photo-623236.jpg</path>
	<source>
		<database>Unknown</database>
	</source>
	<size>
		<width>4834</width>
		<height>3277</height>
		<depth>3</depth>
	</size>
	<segmented>0</segmented>
	<object>
		<name>no_text</name>
		<pose>Unspecified</pose>
		<truncated>0</truncated>
		<difficult>0</difficult>
		<bndbox>
			<xmin>499</xmin>
			<ymin>26</ymin>
			<xmax>4775</xmax>
			<ymax>2643</ymax>
		</bndbox>
	</object>
</annotation>
