<annotation>
	<folder>negative_images</folder>
	<filename>pngtree-graffiti-comic-graffiti-labor-face-png-image_3851414.jpg</filename>
	<path>/Users/uma/Documents/cmpe_257_assignment/data_training_assignment/negative_images/pngtree-graffiti-comic-graffiti-labor-face-png-image_3851414.jpg</path>
	<source>
		<database>Unknown</database>
	</source>
	<size>
		<width>1200</width>
		<height>1190</height>
		<depth>3</depth>
	</size>
	<segmented>0</segmented>
	<object>
		<name>no_text</name>
		<pose>Unspecified</pose>
		<truncated>1</truncated>
		<difficult>0</difficult>
		<bndbox>
			<xmin>20</xmin>
			<ymin>10</ymin>
			<xmax>1200</xmax>
			<ymax>1187</ymax>
		</bndbox>
	</object>
</annotation>
