<annotation>
	<folder>negative_images</folder>
	<filename>rBVaV1xf1IGANJUaAAHzJezlpQE242.jpg</filename>
	<path>/Users/uma/Documents/cmpe_257_assignment/data_training_assignment/negative_images/rBVaV1xf1IGANJUaAAHzJezlpQE242.jpg</path>
	<source>
		<database>Unknown</database>
	</source>
	<size>
		<width>960</width>
		<height>807</height>
		<depth>3</depth>
	</size>
	<segmented>0</segmented>
	<object>
		<name>no_text</name>
		<pose>Unspecified</pose>
		<truncated>0</truncated>
		<difficult>0</difficult>
		<bndbox>
			<xmin>13</xmin>
			<ymin>8</ymin>
			<xmax>959</xmax>
			<ymax>767</ymax>
		</bndbox>
	</object>
</annotation>
