<annotation>
	<folder>negative_images</folder>
	<filename>rBVaR1uD2ZWAOoh_AARURAvUIAQ934.jpg</filename>
	<path>/Users/uma/Documents/cmpe_257_assignment/data_training_assignment/negative_images/rBVaR1uD2ZWAOoh_AARURAvUIAQ934.jpg</path>
	<source>
		<database>Unknown</database>
	</source>
	<size>
		<width>741</width>
		<height>715</height>
		<depth>3</depth>
	</size>
	<segmented>0</segmented>
	<object>
		<name>no_text</name>
		<pose>Unspecified</pose>
		<truncated>0</truncated>
		<difficult>0</difficult>
		<bndbox>
			<xmin>48</xmin>
			<ymin>10</ymin>
			<xmax>720</xmax>
			<ymax>670</ymax>
		</bndbox>
	</object>
</annotation>
