<annotation>
	<folder>negative_images</folder>
	<filename>rio-de-janeiro-brazil-street-art-graffiti-face.jpg</filename>
	<path>/Users/uma/Documents/cmpe_257_assignment/data_training_assignment/negative_images/rio-de-janeiro-brazil-street-art-graffiti-face.jpg</path>
	<source>
		<database>Unknown</database>
	</source>
	<size>
		<width>625</width>
		<height>416</height>
		<depth>3</depth>
	</size>
	<segmented>0</segmented>
	<object>
		<name>no_text</name>
		<pose>Unspecified</pose>
		<truncated>1</truncated>
		<difficult>0</difficult>
		<bndbox>
			<xmin>2</xmin>
			<ymin>1</ymin>
			<xmax>622</xmax>
			<ymax>416</ymax>
		</bndbox>
	</object>
</annotation>
