<annotation>
	<folder>negative_images</folder>
	<filename>Sad-Face-Woman-Graffiti-Wall-Mural.jpg</filename>
	<path>/Users/uma/Documents/cmpe_257_assignment/data_training_assignment/negative_images/Sad-Face-Woman-Graffiti-Wall-Mural.jpg</path>
	<source>
		<database>Unknown</database>
	</source>
	<size>
		<width>850</width>
		<height>565</height>
		<depth>3</depth>
	</size>
	<segmented>0</segmented>
	<object>
		<name>no_text</name>
		<pose>Unspecified</pose>
		<truncated>0</truncated>
		<difficult>0</difficult>
		<bndbox>
			<xmin>7</xmin>
			<ymin>2</ymin>
			<xmax>849</xmax>
			<ymax>557</ymax>
		</bndbox>
	</object>
</annotation>
