<annotation>
	<folder>negative_images</folder>
	<filename>sao-paulo-graffiti-villa-magdalena-r-padre-joao-goncalves-near-r-fradique-coutinho-large-face-and-man-w-broom-large.jpg</filename>
	<path>/Users/uma/Documents/cmpe_257_assignment/data_training_assignment/negative_images/sao-paulo-graffiti-villa-magdalena-r-padre-joao-goncalves-near-r-fradique-coutinho-large-face-and-man-w-broom-large.jpg</path>
	<source>
		<database>Unknown</database>
	</source>
	<size>
		<width>812</width>
		<height>552</height>
		<depth>3</depth>
	</size>
	<segmented>0</segmented>
	<object>
		<name>no_text</name>
		<pose>Unspecified</pose>
		<truncated>0</truncated>
		<difficult>0</difficult>
		<bndbox>
			<xmin>16</xmin>
			<ymin>7</ymin>
			<xmax>555</xmax>
			<ymax>528</ymax>
		</bndbox>
	</object>
</annotation>
