<annotation>
	<folder>negative_images</folder>
	<filename>sizzling-dance-acrylic-painting-on-canvas-500x500.jpg</filename>
	<path>/Users/uma/Documents/cmpe_257_assignment/data_training_assignment/negative_images/sizzling-dance-acrylic-painting-on-canvas-500x500.jpg</path>
	<source>
		<database>Unknown</database>
	</source>
	<size>
		<width>340</width>
		<height>500</height>
		<depth>3</depth>
	</size>
	<segmented>0</segmented>
	<object>
		<name>no_text</name>
		<pose>Unspecified</pose>
		<truncated>1</truncated>
		<difficult>0</difficult>
		<bndbox>
			<xmin>4</xmin>
			<ymin>1</ymin>
			<xmax>338</xmax>
			<ymax>500</ymax>
		</bndbox>
	</object>
</annotation>
