<annotation>
	<folder>negative_images</folder>
	<filename>spray-paint-skull-face-graffiti-cartoon-character-vector-25075618.jpg</filename>
	<path>/Users/uma/Documents/cmpe_257_assignment/data_training_assignment/negative_images/spray-paint-skull-face-graffiti-cartoon-character-vector-25075618.jpg</path>
	<source>
		<database>Unknown</database>
	</source>
	<size>
		<width>953</width>
		<height>1080</height>
		<depth>3</depth>
	</size>
	<segmented>0</segmented>
	<object>
		<name>no_text</name>
		<pose>Unspecified</pose>
		<truncated>1</truncated>
		<difficult>0</difficult>
		<bndbox>
			<xmin>17</xmin>
			<ymin>10</ymin>
			<xmax>953</xmax>
			<ymax>1000</ymax>
		</bndbox>
	</object>
</annotation>
