<annotation>
	<folder>negative_images</folder>
	<filename>street-art-graffiti-colorful-face-on-wall-ENA11F.jpg</filename>
	<path>/Users/uma/Documents/cmpe_257_assignment/data_training_assignment/negative_images/street-art-graffiti-colorful-face-on-wall-ENA11F.jpg</path>
	<source>
		<database>Unknown</database>
	</source>
	<size>
		<width>1300</width>
		<height>956</height>
		<depth>3</depth>
	</size>
	<segmented>0</segmented>
	<object>
		<name>no_text</name>
		<pose>Unspecified</pose>
		<truncated>0</truncated>
		<difficult>0</difficult>
		<bndbox>
			<xmin>5</xmin>
			<ymin>5</ymin>
			<xmax>1294</xmax>
			<ymax>676</ymax>
		</bndbox>
	</object>
</annotation>
