<annotation>
	<folder>negative_images</folder>
	<filename>UNKNOWN_1_12-31-2016_LowRes-1000x750.jpg</filename>
	<path>/Users/uma/Documents/cmpe_257_assignment/data_training_assignment/negative_images/UNKNOWN_1_12-31-2016_LowRes-1000x750.jpg</path>
	<source>
		<database>Unknown</database>
	</source>
	<size>
		<width>1000</width>
		<height>750</height>
		<depth>3</depth>
	</size>
	<segmented>0</segmented>
	<object>
		<name>no_text</name>
		<pose>Unspecified</pose>
		<truncated>0</truncated>
		<difficult>0</difficult>
		<bndbox>
			<xmin>297</xmin>
			<ymin>8</ymin>
			<xmax>979</xmax>
			<ymax>591</ymax>
		</bndbox>
	</object>
</annotation>
