<annotation>
	<folder>negative_images</folder>
	<filename>urban-graffiti-street-art-painting-mural-close-up-of-girls-womans-CW5PKP.jpg</filename>
	<path>/Users/uma/Documents/cmpe_257_assignment/data_training_assignment/negative_images/urban-graffiti-street-art-painting-mural-close-up-of-girls-womans-CW5PKP.jpg</path>
	<source>
		<database>Unknown</database>
	</source>
	<size>
		<width>1300</width>
		<height>956</height>
		<depth>3</depth>
	</size>
	<segmented>0</segmented>
	<object>
		<name>no_text</name>
		<pose>Unspecified</pose>
		<truncated>0</truncated>
		<difficult>0</difficult>
		<bndbox>
			<xmin>7</xmin>
			<ymin>2</ymin>
			<xmax>1299</xmax>
			<ymax>865</ymax>
		</bndbox>
	</object>
</annotation>
