<annotation>
	<folder>negative_images</folder>
	<filename>vector-spray-paint-skull-face-graffiti-cartoon-character.jpg</filename>
	<path>/Users/uma/Documents/cmpe_257_assignment/data_training_assignment/negative_images/vector-spray-paint-skull-face-graffiti-cartoon-character.jpg</path>
	<source>
		<database>Unknown</database>
	</source>
	<size>
		<width>490</width>
		<height>490</height>
		<depth>3</depth>
	</size>
	<segmented>0</segmented>
	<object>
		<name>no_text</name>
		<pose>Unspecified</pose>
		<truncated>0</truncated>
		<difficult>0</difficult>
		<bndbox>
			<xmin>26</xmin>
			<ymin>12</ymin>
			<xmax>468</xmax>
			<ymax>485</ymax>
		</bndbox>
	</object>
</annotation>
