<annotation>
	<folder>negative_images</folder>
	<filename>Wall-Woman-Girl-Art-Face-Mural-Graffiti-Painting-3720275.jpg</filename>
	<path>/Users/uma/Documents/cmpe_257_assignment/data_training_assignment/negative_images/Wall-Woman-Girl-Art-Face-Mural-Graffiti-Painting-3720275.jpg</path>
	<source>
		<database>Unknown</database>
	</source>
	<size>
		<width>666</width>
		<height>720</height>
		<depth>3</depth>
	</size>
	<segmented>0</segmented>
	<object>
		<name>no_text</name>
		<pose>Unspecified</pose>
		<truncated>1</truncated>
		<difficult>0</difficult>
		<bndbox>
			<xmin>14</xmin>
			<ymin>8</ymin>
			<xmax>666</xmax>
			<ymax>715</ymax>
		</bndbox>
	</object>
</annotation>
